"OWNER";"TABLE_NAME";"COLUMN_NAME";"DATA_TYPE";"DATA_LENGTH";"DATA_PRECISION";"DATA_SCALE";"NULLABLE";"DATA_DEFAULT"
NTT_RISK_MODELLING;AdfTestOdr;pkid;NUMBER;22;19;0;N;"NTT_RISK_MODELLING.AdfTestOdr_SEQ.NEXTVAL
"
NTT_RISK_MODELLING;AdfTestOdr;activity_code;VARCHAR2;100;;;N;
NTT_RISK_MODELLING;AdfTestOdr;period;DATE;7;;;Y;
NTT_RISK_MODELLING;AdfTestOdr;odr;NUMBER;22;;;Y;
NTT_RISK_MODELLING;AdfTestOdr;logit_odr;NUMBER;22;;;Y;
NTT_RISK_MODELLING;AdfTestOdr;created_by;VARCHAR2;36;;;N;
NTT_RISK_MODELLING;AdfTestOdr;created_date;DATE;7;;;N;
NTT_RISK_MODELLING;AdfTestOdr;created_host;VARCHAR2;36;;;N;
NTT_RISK_MODELLING;AdfTestOdr;updated_by;VARCHAR2;36;;;Y;
NTT_RISK_MODELLING;AdfTestOdr;updated_date;DATE;7;;;Y;
NTT_RISK_MODELLING;AdfTestOdr;updated_host;VARCHAR2;30;;;Y;
NTT_RISK_MODELLING;AdfTestOdr;apply_logit_flag;NUMBER;22;19;0;Y;
NTT_RISK_MODELLING;AdfTestOdr;is_deleted;NUMBER;22;1;0;N;"0
"
NTT_RISK_MODELLING;AdfTestOdr;deleted_by;VARCHAR2;50;;;Y;
NTT_RISK_MODELLING;AdfTestOdr;deleted_date;TIMESTAMP(6);11;;6;Y;
NTT_RISK_MODELLING;AdfTestOdr;deleted_host;VARCHAR2;50;;;Y;
NTT_RISK_MODELLING;AdfTestOdr;IsChecked;NUMBER;22;1;0;N;"0
"
NTT_RISK_MODELLING;AdfTestOdrStd;pkid;NUMBER;22;19;0;N;"NTT_RISK_MODELLING.AdfTestOdrStd_SEQ.NEXTVAL

"
NTT_RISK_MODELLING;AdfTestOdrStd;activity_code;VARCHAR2;100;;;N;
NTT_RISK_MODELLING;AdfTestOdrStd;period;DATE;7;;;Y;
NTT_RISK_MODELLING;AdfTestOdrStd;odr;NUMBER;22;;;Y;
NTT_RISK_MODELLING;AdfTestOdrStd;std_odr;NUMBER;22;;;Y;
NTT_RISK_MODELLING;AdfTestOdrStd;created_by;VARCHAR2;36;;;N;
NTT_RISK_MODELLING;AdfTestOdrStd;created_date;DATE;7;;;N;
NTT_RISK_MODELLING;AdfTestOdrStd;created_host;VARCHAR2;36;;;N;
NTT_RISK_MODELLING;AdfTestOdrStd;updated_by;VARCHAR2;36;;;Y;
NTT_RISK_MODELLING;AdfTestOdrStd;updated_date;DATE;7;;;Y;
NTT_RISK_MODELLING;AdfTestOdrStd;updated_host;VARCHAR2;30;;;Y;
NTT_RISK_MODELLING;AdfTestOdrStd;apply_std_flag;NUMBER;22;19;0;Y;
NTT_RISK_MODELLING;AdfTestOdrStd;is_deleted;NUMBER;22;1;0;N;"0
"
NTT_RISK_MODELLING;AdfTestOdrStd;deleted_by;VARCHAR2;50;;;Y;
NTT_RISK_MODELLING;AdfTestOdrStd;deleted_date;TIMESTAMP(6);11;;6;Y;
NTT_RISK_MODELLING;AdfTestOdrStd;deleted_host;VARCHAR2;50;;;Y;
NTT_RISK_MODELLING;AdfTestOdrStd;IsChecked;NUMBER;22;1;0;N;"0
"
NTT_RISK_MODELLING;AdfTestResult;pkid;NUMBER;22;19;0;N;"NTT_RISK_MODELLING.AdfTestResult_SEQ.NEXTVAL
"
NTT_RISK_MODELLING;AdfTestResult;activity_code;VARCHAR2;100;;;N;
NTT_RISK_MODELLING;AdfTestResult;me_period;DATE;7;;;Y;
NTT_RISK_MODELLING;AdfTestResult;me_code;VARCHAR2;50;;;Y;
NTT_RISK_MODELLING;AdfTestResult;stationary_test_method;VARCHAR2;50;;;Y;
NTT_RISK_MODELLING;AdfTestResult;p_val_adf_test;NUMBER;22;;;Y;
NTT_RISK_MODELLING;AdfTestResult;lag_order;NUMBER;22;10;0;Y;
NTT_RISK_MODELLING;AdfTestResult;differencing_lag;NUMBER;22;10;0;Y;
NTT_RISK_MODELLING;AdfTestResult;adf_statistic;NUMBER;22;;;Y;
NTT_RISK_MODELLING;AdfTestResult;created_by;VARCHAR2;36;;;N;
NTT_RISK_MODELLING;AdfTestResult;created_date;DATE;7;;;N;
NTT_RISK_MODELLING;AdfTestResult;created_host;VARCHAR2;36;;;N;
NTT_RISK_MODELLING;AdfTestResult;updated_by;VARCHAR2;36;;;Y;
NTT_RISK_MODELLING;AdfTestResult;updated_date;DATE;7;;;Y;
NTT_RISK_MODELLING;AdfTestResult;updated_host;VARCHAR2;30;;;Y;
NTT_RISK_MODELLING;AdfTestResult;is_deleted;NUMBER;22;1;0;N;"0
"
NTT_RISK_MODELLING;AdfTestResult;deleted_by;VARCHAR2;50;;;Y;
NTT_RISK_MODELLING;AdfTestResult;deleted_date;TIMESTAMP(6);11;;6;Y;
NTT_RISK_MODELLING;AdfTestResult;deleted_host;VARCHAR2;50;;;Y;
NTT_RISK_MODELLING;AdfTestResult;IsChecked;NUMBER;22;1;0;N;"0
"
NTT_RISK_MODELLING;AdfTestResult;p_val_adf_test__NUM;NUMBER;22;;;Y;
NTT_RISK_MODELLING;ApplicationEngineServices;pkid;NUMBER;22;19;0;N;"""NTT_RISK_MODELLING"".""ISEQ$$_109790"".nextval"
NTT_RISK_MODELLING;ApplicationEngineServices;workflow_step_draft_pkid;NUMBER;22;19;0;N;
NTT_RISK_MODELLING;ApplicationEngineServices;workflow_step_pkid;NUMBER;22;19;0;Y;
NTT_RISK_MODELLING;ApplicationEngineServices;workflow_header_pkid;NUMBER;22;19;0;Y;
NTT_RISK_MODELLING;ApplicationEngineServices;workflow_detail_pkid;NUMBER;22;19;0;Y;
NTT_RISK_MODELLING;ApplicationEngineServices;description;VARCHAR2;4000;;;Y;
NTT_RISK_MODELLING;ApplicationEngineServices;label;VARCHAR2;255;;;N;
NTT_RISK_MODELLING;ApplicationEngineServices;begin_date;DATE;7;;;Y;
NTT_RISK_MODELLING;ApplicationEngineServices;end_date;DATE;7;;;Y;
NTT_RISK_MODELLING;ApplicationEngineServices;created_by;VARCHAR2;50;;;N;
NTT_RISK_MODELLING;ApplicationEngineServices;created_date;DATE;7;;;N;
NTT_RISK_MODELLING;ApplicationEngineServices;created_host;VARCHAR2;50;;;N;
NTT_RISK_MODELLING;ApplicationEngineServices;updated_by;VARCHAR2;50;;;Y;
NTT_RISK_MODELLING;ApplicationEngineServices;updated_date;DATE;7;;;Y;
NTT_RISK_MODELLING;ApplicationEngineServices;updated_host;VARCHAR2;50;;;Y;
NTT_RISK_MODELLING;ApplicationEngineServices;run_status;VARCHAR2;50;;;Y;
NTT_RISK_MODELLING;ApplicationEngineServices;error_message;CLOB;4000;;;Y;
NTT_RISK_MODELLING;ApplicationEngineServices;seq;NUMBER;22;10;0;Y;
NTT_RISK_MODELLING;ApplicationEngineServices;workflow_detail_draft_pkid;NUMBER;22;19;0;Y;
NTT_RISK_MODELLING;ApplicationEngineServices;activity_code;VARCHAR2;50;;;Y;
NTT_RISK_MODELLING;ApplicationEngineServices;run_type;VARCHAR2;50;;;Y;
NTT_RISK_MODELLING;ApplicationEngineServices;forward_looking_pkid;NUMBER;22;19;0;Y;
NTT_RISK_MODELLING;ApplicationEngineServices;type_element;VARCHAR2;100;;;Y;
NTT_RISK_MODELLING;ApplicationEngineServices;is_deleted;NUMBER;22;1;0;N;0
NTT_RISK_MODELLING;ApplicationEngineServices;deleted_by;VARCHAR2;50;;;Y;
NTT_RISK_MODELLING;ApplicationEngineServices;deleted_date;TIMESTAMP(6);11;;6;Y;
NTT_RISK_MODELLING;ApplicationEngineServices;deleted_host;VARCHAR2;50;;;Y;
NTT_RISK_MODELLING;BeforeForwardLooking;pkid;NUMBER;22;19;0;N;
NTT_RISK_MODELLING;BeforeForwardLooking;base_date;DATE;7;;;Y;
NTT_RISK_MODELLING;BeforeForwardLooking;pd_rule_id;NUMBER;22;19;0;N;
NTT_RISK_MODELLING;BeforeForwardLooking;pd_rule_name;VARCHAR2;100;;;Y;
NTT_RISK_MODELLING;BeforeForwardLooking;bucket_group;VARCHAR2;30;;;Y;
NTT_RISK_MODELLING;BeforeForwardLooking;bucket_id;NUMBER;22;5;0;Y;
NTT_RISK_MODELLING;BeforeForwardLooking;calc_method;VARCHAR2;50;;;Y;
NTT_RISK_MODELLING;BeforeForwardLooking;pd_rate;NUMBER;22;;;Y;
NTT_RISK_MODELLING;BeforeForwardLooking;activity_code;VARCHAR2;50;;;Y;
NTT_RISK_MODELLING;BeforeForwardLooking;run_type;VARCHAR2;50;;;N;
NTT_RISK_MODELLING;BeforeForwardLooking;created_by;VARCHAR2;50;;;N;
NTT_RISK_MODELLING;BeforeForwardLooking;created_date;DATE;7;;;N;
NTT_RISK_MODELLING;BeforeForwardLooking;created_host;VARCHAR2;50;;;N;
NTT_RISK_MODELLING;BeforeForwardLooking;updated_by;VARCHAR2;50;;;Y;
NTT_RISK_MODELLING;BeforeForwardLooking;updated_date;DATE;7;;;Y;
NTT_RISK_MODELLING;BeforeForwardLooking;updated_host;VARCHAR2;50;;;Y;
NTT_RISK_MODELLING;BeforeForwardLooking;issuer;NUMBER;22;32;6;N;
NTT_RISK_MODELLING;BeforeForwardLooking;is_deleted;NUMBER;22;1;0;N;0
NTT_RISK_MODELLING;BeforeForwardLooking;deleted_by;VARCHAR2;50;;;Y;
NTT_RISK_MODELLING;BeforeForwardLooking;deleted_date;TIMESTAMP(6);11;;6;Y;
NTT_RISK_MODELLING;BeforeForwardLooking;deleted_host;VARCHAR2;50;;;Y;
NTT_RISK_MODELLING;BeforeForwardLooking;IsChecked;NUMBER;22;1;0;N;0
NTT_RISK_MODELLING;BinomialMappings;pkid;NUMBER;22;19;0;N;"""NTT_RISK_MODELLING"".""ISEQ$$_113070"".nextval"
NTT_RISK_MODELLING;BinomialMappings;column_name;VARCHAR2;800;;;Y;
NTT_RISK_MODELLING;BinomialMappings;created_by;VARCHAR2;50;;;N;'systems' 
NTT_RISK_MODELLING;BinomialMappings;created_date;TIMESTAMP(6);11;;6;N;CURRENT_TIMESTAMP 
NTT_RISK_MODELLING;BinomialMappings;created_host;VARCHAR2;36;;;N;'localhost' 
NTT_RISK_MODELLING;BinomialMappings;updated_by;VARCHAR2;50;;;Y;
NTT_RISK_MODELLING;BinomialMappings;updated_date;TIMESTAMP(6);11;;6;Y;
NTT_RISK_MODELLING;BinomialMappings;updated_host;VARCHAR2;50;;;Y;
NTT_RISK_MODELLING;BinomialMappings;is_deleted;NUMBER;22;1;0;N;0 
NTT_RISK_MODELLING;BinomialMappings;deleted_by;VARCHAR2;50;;;Y;
NTT_RISK_MODELLING;BinomialMappings;deleted_date;TIMESTAMP(6);11;;6;Y;
NTT_RISK_MODELLING;BinomialMappings;deleted_host;VARCHAR2;30;;;Y;
NTT_RISK_MODELLING;BinomialMappings;IsChecked;NUMBER;22;1;0;N;0 
NTT_RISK_MODELLING;BinomialMappings;column_download_date;VARCHAR2;800;;;Y;
NTT_RISK_MODELLING;BinomialMappings;column_base_date;VARCHAR2;800;;;Y;
NTT_RISK_MODELLING;BinomialMappings;column_pd_rule_id;VARCHAR2;800;;;Y;
NTT_RISK_MODELLING;DurbinWatsonParam;pkid;NUMBER;22;19;0;N;"NTT_RISK_MODELLING.DurbinWatsonParam_SEQ.NEXTVAL
"
NTT_RISK_MODELLING;DurbinWatsonParam;t;NUMBER;22;10;0;Y;
NTT_RISK_MODELLING;DurbinWatsonParam;k;NUMBER;22;10;0;Y;
NTT_RISK_MODELLING;DurbinWatsonParam;dl;NUMBER;22;;;Y;
NTT_RISK_MODELLING;DurbinWatsonParam;du;NUMBER;22;;;Y;
NTT_RISK_MODELLING;DurbinWatsonParam;is_deleted;NUMBER;22;1;0;N;"0
"
NTT_RISK_MODELLING;DurbinWatsonParam;deleted_by;VARCHAR2;50;;;Y;
NTT_RISK_MODELLING;DurbinWatsonParam;deleted_date;TIMESTAMP(6);11;;6;Y;
NTT_RISK_MODELLING;DurbinWatsonParam;deleted_host;VARCHAR2;50;;;Y;
NTT_RISK_MODELLING;ExpectedTrendVariables;pkid;NUMBER;22;19;0;N;"""NTT_RISK_MODELLING"".""ISEQ$$_109798"".nextval"
NTT_RISK_MODELLING;ExpectedTrendVariables;workflow_detail_draft_pkid;NUMBER;22;19;0;Y;
NTT_RISK_MODELLING;ExpectedTrendVariables;activity_code;VARCHAR2;50;;;Y;
NTT_RISK_MODELLING;ExpectedTrendVariables;me_code;VARCHAR2;50;;;Y;
NTT_RISK_MODELLING;ExpectedTrendVariables;expected_trend;VARCHAR2;20;;;Y;
NTT_RISK_MODELLING;ExpectedTrendVariables;created_by;VARCHAR2;50;;;N;
NTT_RISK_MODELLING;ExpectedTrendVariables;created_date;DATE;7;;;N;
NTT_RISK_MODELLING;ExpectedTrendVariables;created_host;VARCHAR2;50;;;N;
NTT_RISK_MODELLING;ExpectedTrendVariables;updated_by;VARCHAR2;50;;;Y;
NTT_RISK_MODELLING;ExpectedTrendVariables;updated_date;DATE;7;;;Y;
NTT_RISK_MODELLING;ExpectedTrendVariables;updated_host;VARCHAR2;50;;;Y;
NTT_RISK_MODELLING;ExpectedTrendVariables;run_type;VARCHAR2;50;;;N;
NTT_RISK_MODELLING;ExpectedTrendVariables;variable_selection;NUMBER;22;19;0;Y;
NTT_RISK_MODELLING;ExpectedTrendVariables;is_deleted;NUMBER;22;1;0;N;0
NTT_RISK_MODELLING;ExpectedTrendVariables;deleted_by;VARCHAR2;50;;;Y;
NTT_RISK_MODELLING;ExpectedTrendVariables;deleted_date;TIMESTAMP(6);11;;6;Y;
NTT_RISK_MODELLING;ExpectedTrendVariables;deleted_host;VARCHAR2;50;;;Y;
NTT_RISK_MODELLING;ExpectedTrendVariables;IsChecked;NUMBER;22;1;0;N;"0
   "
NTT_RISK_MODELLING;FieldMappings;pkid;NUMBER;22;19;0;N;"""NTT_RISK_MODELLING"".""ISEQ$$_109800"".nextval"
NTT_RISK_MODELLING;FieldMappings;field_name;VARCHAR2;4000;;;N;
NTT_RISK_MODELLING;FieldMappings;field_alias;VARCHAR2;4000;;;Y;
NTT_RISK_MODELLING;FieldMappings;is_active;NUMBER;22;1;0;N;1
NTT_RISK_MODELLING;FieldMappings;created_by;VARCHAR2;50;;;Y;
NTT_RISK_MODELLING;FieldMappings;created_date;DATE;7;;;N;SYSTIMESTAMP
NTT_RISK_MODELLING;FieldMappings;created_host;VARCHAR2;50;;;N;
NTT_RISK_MODELLING;FieldMappings;updated_by;VARCHAR2;50;;;Y;
NTT_RISK_MODELLING;FieldMappings;updated_date;DATE;7;;;Y;
NTT_RISK_MODELLING;FieldMappings;updated_host;VARCHAR2;50;;;Y;
NTT_RISK_MODELLING;FieldMappings;is_deleted;NUMBER;22;1;0;N;0
NTT_RISK_MODELLING;FieldMappings;deleted_by;VARCHAR2;50;;;Y;
NTT_RISK_MODELLING;FieldMappings;deleted_date;DATE;7;;;Y;
NTT_RISK_MODELLING;FieldMappings;deleted_host;VARCHAR2;50;;;Y;
NTT_RISK_MODELLING;FieldMappings;mapping_tabel;VARCHAR2;4000;;;Y;
NTT_RISK_MODELLING;FieldMappings;seq;NUMBER;22;10;0;Y;
NTT_RISK_MODELLING;FieldMappings;output_group;VARCHAR2;255;;;Y;
NTT_RISK_MODELLING;ForecastMevResultFileDetail;pkid;NUMBER;22;19;0;N;"""NTT_RISK_MODELLING"".""ISEQ$$_109932"".nextval"
NTT_RISK_MODELLING;ForecastMevResultFileDetail;result_file_header_pkid;NUMBER;22;19;0;N;
NTT_RISK_MODELLING;ForecastMevResultFileDetail;me_periode;DATE;7;;;Y;
NTT_RISK_MODELLING;ForecastMevResultFileDetail;me_code;VARCHAR2;50;;;Y;
NTT_RISK_MODELLING;ForecastMevResultFileDetail;mev_code_master;VARCHAR2;50;;;Y;
NTT_RISK_MODELLING;ForecastMevResultFileDetail;transform_type;VARCHAR2;800;;;Y;
NTT_RISK_MODELLING;ForecastMevResultFileDetail;forecast_mev_type;VARCHAR2;50;;;Y;
NTT_RISK_MODELLING;ForecastMevResultFileDetail;created_by;VARCHAR2;50;;;N;
NTT_RISK_MODELLING;ForecastMevResultFileDetail;created_date;DATE;7;;;N;
NTT_RISK_MODELLING;ForecastMevResultFileDetail;created_host;VARCHAR2;50;;;N;
NTT_RISK_MODELLING;ForecastMevResultFileDetail;updated_by;VARCHAR2;50;;;Y;
NTT_RISK_MODELLING;ForecastMevResultFileDetail;updated_date;DATE;7;;;Y;
NTT_RISK_MODELLING;ForecastMevResultFileDetail;updated_host;VARCHAR2;50;;;Y;
NTT_RISK_MODELLING;ForecastMevResultFileDetail;activity_code;VARCHAR2;50;;;Y;
NTT_RISK_MODELLING;ForecastMevResultFileDetail;run_type;VARCHAR2;50;;;N;
NTT_RISK_MODELLING;ForecastMevResultFileDetail;is_deleted;NUMBER;22;1;0;N;0
NTT_RISK_MODELLING;ForecastMevResultFileDetail;deleted_by;VARCHAR2;50;;;Y;
NTT_RISK_MODELLING;ForecastMevResultFileDetail;deleted_date;TIMESTAMP(6);11;;6;Y;
NTT_RISK_MODELLING;ForecastMevResultFileDetail;deleted_host;VARCHAR2;50;;;Y;
NTT_RISK_MODELLING;ForecastMevResultFileDetail;IsChecked;NUMBER;22;1;0;N;"0
   "
NTT_RISK_MODELLING;ForecastMevResultFileDetail;me_value;NUMBER;22;;;Y;
NTT_RISK_MODELLING;ForwardLookingModel;pkid;NUMBER;22;19;0;N;"""NTT_RISK_MODELLING"".""ISEQ$$_109802"".nextval"
NTT_RISK_MODELLING;ForwardLookingModel;id_fl;VARCHAR2;50;;;N;
NTT_RISK_MODELLING;ForwardLookingModel;model_name;VARCHAR2;100;;;N;
NTT_RISK_MODELLING;ForwardLookingModel;description;VARCHAR2;4000;;;Y;
NTT_RISK_MODELLING;ForwardLookingModel;train_status;VARCHAR2;100;;;Y;
NTT_RISK_MODELLING;ForwardLookingModel;publish_status;VARCHAR2;100;;;Y;
NTT_RISK_MODELLING;ForwardLookingModel;is_active;NUMBER;22;1;0;N;1
NTT_RISK_MODELLING;ForwardLookingModel;created_by;VARCHAR2;50;;;N;
NTT_RISK_MODELLING;ForwardLookingModel;created_date;DATE;7;;;N;
NTT_RISK_MODELLING;ForwardLookingModel;created_host;VARCHAR2;50;;;N;
NTT_RISK_MODELLING;ForwardLookingModel;updated_by;VARCHAR2;50;;;Y;
NTT_RISK_MODELLING;ForwardLookingModel;updated_date;DATE;7;;;Y;
NTT_RISK_MODELLING;ForwardLookingModel;updated_host;VARCHAR2;50;;;Y;
NTT_RISK_MODELLING;ForwardLookingModel;code_app;VARCHAR2;25;;;Y;
NTT_RISK_MODELLING;ForwardLookingModel;version;VARCHAR2;50;;;Y;
NTT_RISK_MODELLING;ForwardLookingModel;workflow_step_draft_pkid;NUMBER;22;19;0;N;
NTT_RISK_MODELLING;ForwardLookingModel;run_status;VARCHAR2;50;;;Y;
NTT_RISK_MODELLING;ForwardLookingModel;is_model;NUMBER;22;1;0;N;0
NTT_RISK_MODELLING;ForwardLookingModel;workflow_header_draft_pkid;NUMBER;22;19;0;N;
NTT_RISK_MODELLING;ForwardLookingModel;user_code;VARCHAR2;255;;;Y;
NTT_RISK_MODELLING;ForwardLookingModel;simulation_status;VARCHAR2;50;;;Y;
NTT_RISK_MODELLING;ForwardLookingModel;run_id;NUMBER;22;19;0;Y;
NTT_RISK_MODELLING;ForwardLookingModel;simulation_id;NUMBER;22;19;0;Y;
NTT_RISK_MODELLING;ForwardLookingModel;last_run;VARCHAR2;30;;;Y;
NTT_RISK_MODELLING;ForwardLookingModel;is_deleted;NUMBER;22;1;0;N;0
NTT_RISK_MODELLING;ForwardLookingModel;deleted_by;VARCHAR2;50;;;Y;
NTT_RISK_MODELLING;ForwardLookingModel;deleted_date;TIMESTAMP(6);11;;6;Y;
NTT_RISK_MODELLING;ForwardLookingModel;deleted_host;VARCHAR2;50;;;Y;
NTT_RISK_MODELLING;ForwardLookingModel;last_execution_process;VARCHAR2;50;;;Y;
NTT_RISK_MODELLING;ForwardLookingModel;effective_date;TIMESTAMP(6);11;;6;Y;
NTT_RISK_MODELLING;ForwardLookingModel;effective_date_type;VARCHAR2;50;;;Y;
NTT_RISK_MODELLING;ForwardLookingModel;approval_status;VARCHAR2;20;;;N;'Draft' 
NTT_RISK_MODELLING;ForwardLookingModel;fl_flow_name;VARCHAR2;4000;;;Y;
NTT_RISK_MODELLING;ForwardLookingModellingHistoryInput;pkid;NUMBER;22;19;0;N;"""NTT_RISK_MODELLING"".""ISEQ$$_109804"".nextval"
NTT_RISK_MODELLING;ForwardLookingModellingHistoryInput;workflow_step_draft_pkid;NUMBER;22;19;0;N;
NTT_RISK_MODELLING;ForwardLookingModellingHistoryInput;workflow_detail_pkid;NUMBER;22;19;0;Y;
NTT_RISK_MODELLING;ForwardLookingModellingHistoryInput;type_data;VARCHAR2;50;;;Y;
NTT_RISK_MODELLING;ForwardLookingModellingHistoryInput;json_header;VARCHAR2;255;;;Y;
NTT_RISK_MODELLING;ForwardLookingModellingHistoryInput;json_footer;VARCHAR2;255;;;Y;
NTT_RISK_MODELLING;ForwardLookingModellingHistoryInput;created_by;VARCHAR2;50;;;N;
NTT_RISK_MODELLING;ForwardLookingModellingHistoryInput;created_date;DATE;7;;;N;
NTT_RISK_MODELLING;ForwardLookingModellingHistoryInput;created_host;VARCHAR2;50;;;N;
NTT_RISK_MODELLING;ForwardLookingModellingHistoryInput;updated_by;VARCHAR2;50;;;Y;
NTT_RISK_MODELLING;ForwardLookingModellingHistoryInput;updated_date;DATE;7;;;Y;
NTT_RISK_MODELLING;ForwardLookingModellingHistoryInput;updated_host;VARCHAR2;50;;;Y;
NTT_RISK_MODELLING;ForwardLookingModellingHistoryInput;type_input;VARCHAR2;50;;;Y;
NTT_RISK_MODELLING;ForwardLookingModellingHistoryInput;data_input;BLOB;4000;;;Y;
NTT_RISK_MODELLING;ForwardLookingModellingHistoryInput;workflow_detail_draft_pkid;NUMBER;22;19;0;Y;
NTT_RISK_MODELLING;ForwardLookingModellingHistoryInput;is_deleted;NUMBER;22;1;0;N;0
NTT_RISK_MODELLING;ForwardLookingModellingHistoryInput;deleted_by;VARCHAR2;50;;;Y;
NTT_RISK_MODELLING;ForwardLookingModellingHistoryInput;deleted_date;TIMESTAMP(6);11;;6;Y;
NTT_RISK_MODELLING;ForwardLookingModellingHistoryInput;deleted_host;VARCHAR2;50;;;Y;
NTT_RISK_MODELLING;ForwardLookingModellingHistoryOutput;pkid;NUMBER;22;19;0;N;"""NTT_RISK_MODELLING"".""ISEQ$$_109808"".nextval"
NTT_RISK_MODELLING;ForwardLookingModellingHistoryOutput;workflow_step_draft_pkid;NUMBER;22;19;0;N;
NTT_RISK_MODELLING;ForwardLookingModellingHistoryOutput;workflow_detail_pkid;NUMBER;22;19;0;Y;
NTT_RISK_MODELLING;ForwardLookingModellingHistoryOutput;type_data;VARCHAR2;50;;;Y;
NTT_RISK_MODELLING;ForwardLookingModellingHistoryOutput;json_header;VARCHAR2;255;;;Y;
NTT_RISK_MODELLING;ForwardLookingModellingHistoryOutput;json_footer;VARCHAR2;255;;;Y;
NTT_RISK_MODELLING;ForwardLookingModellingHistoryOutput;created_by;VARCHAR2;50;;;N;
NTT_RISK_MODELLING;ForwardLookingModellingHistoryOutput;created_date;DATE;7;;;N;
NTT_RISK_MODELLING;ForwardLookingModellingHistoryOutput;created_host;VARCHAR2;50;;;N;
NTT_RISK_MODELLING;ForwardLookingModellingHistoryOutput;updated_by;VARCHAR2;50;;;Y;
NTT_RISK_MODELLING;ForwardLookingModellingHistoryOutput;updated_date;DATE;7;;;Y;
NTT_RISK_MODELLING;ForwardLookingModellingHistoryOutput;updated_host;VARCHAR2;50;;;Y;
NTT_RISK_MODELLING;ForwardLookingModellingHistoryOutput;type_ouput;VARCHAR2;50;;;Y;
NTT_RISK_MODELLING;ForwardLookingModellingHistoryOutput;data_output;BLOB;4000;;;Y;
NTT_RISK_MODELLING;ForwardLookingModellingHistoryOutput;workflow_detail_draft_pkid;NUMBER;22;19;0;Y;
NTT_RISK_MODELLING;ForwardLookingModellingHistoryOutput;is_deleted;NUMBER;22;1;0;N;0
NTT_RISK_MODELLING;ForwardLookingModellingHistoryOutput;deleted_by;VARCHAR2;50;;;Y;
NTT_RISK_MODELLING;ForwardLookingModellingHistoryOutput;deleted_date;TIMESTAMP(6);11;;6;Y;
NTT_RISK_MODELLING;ForwardLookingModellingHistoryOutput;deleted_host;VARCHAR2;50;;;Y;
NTT_RISK_MODELLING;ForwardLookingWorkflowStepDraft;pkid;NUMBER;22;19;0;N;"""NTT_RISK_MODELLING"".""ISEQ$$_109812"".nextval"
NTT_RISK_MODELLING;ForwardLookingWorkflowStepDraft;workflow_step_draft_pkid;NUMBER;22;19;0;N;
NTT_RISK_MODELLING;ForwardLookingWorkflowStepDraft;workflow_header_draft_pkid;NUMBER;22;19;0;N;
NTT_RISK_MODELLING;ForwardLookingWorkflowStepDraft;version;VARCHAR2;20;;;N;
NTT_RISK_MODELLING;ForwardLookingWorkflowStepDraft;count_step;NUMBER;22;10;0;N;
NTT_RISK_MODELLING;ForwardLookingWorkflowStepDraft;user_code;VARCHAR2;255;;;Y;
NTT_RISK_MODELLING;ForwardLookingWorkflowStepDraft;created_by;VARCHAR2;50;;;N;
NTT_RISK_MODELLING;ForwardLookingWorkflowStepDraft;created_date;DATE;7;;;N;
NTT_RISK_MODELLING;ForwardLookingWorkflowStepDraft;created_host;VARCHAR2;50;;;N;
NTT_RISK_MODELLING;ForwardLookingWorkflowStepDraft;updated_by;VARCHAR2;50;;;Y;
NTT_RISK_MODELLING;ForwardLookingWorkflowStepDraft;updated_date;DATE;7;;;Y;
NTT_RISK_MODELLING;ForwardLookingWorkflowStepDraft;updated_host;VARCHAR2;50;;;Y;
NTT_RISK_MODELLING;ForwardLookingWorkflowStepDraft;workflow_status;VARCHAR2;225;;;Y;
NTT_RISK_MODELLING;ForwardLookingWorkflowStepDraft;run_status;VARCHAR2;50;;;Y;
NTT_RISK_MODELLING;ForwardLookingWorkflowStepDraft;is_forecast;NUMBER;22;1;0;N;0
NTT_RISK_MODELLING;ForwardLookingWorkflowStepDraft;is_active;NUMBER;22;1;0;N;1
NTT_RISK_MODELLING;ForwardLookingWorkflowStepDraft;model_name;VARCHAR2;100;;;Y;
NTT_RISK_MODELLING;ForwardLookingWorkflowStepDraft;description;VARCHAR2;4000;;;Y;
NTT_RISK_MODELLING;ForwardLookingWorkflowStepDraft;simulation_status;VARCHAR2;50;;;Y;
NTT_RISK_MODELLING;ForwardLookingWorkflowStepDraft;code_app;VARCHAR2;25;;;N;
NTT_RISK_MODELLING;ForwardLookingWorkflowStepDraft;run_id;NUMBER;22;19;0;Y;
NTT_RISK_MODELLING;ForwardLookingWorkflowStepDraft;simulation_id;NUMBER;22;19;0;Y;
NTT_RISK_MODELLING;ForwardLookingWorkflowStepDraft;last_run;VARCHAR2;30;;;Y;
NTT_RISK_MODELLING;ForwardLookingWorkflowStepDraft;is_deleted;NUMBER;22;1;0;N;0
NTT_RISK_MODELLING;ForwardLookingWorkflowStepDraft;deleted_by;VARCHAR2;50;;;Y;
NTT_RISK_MODELLING;ForwardLookingWorkflowStepDraft;deleted_date;TIMESTAMP(6);11;;6;Y;
NTT_RISK_MODELLING;ForwardLookingWorkflowStepDraft;deleted_host;VARCHAR2;50;;;Y;
NTT_RISK_MODELLING;IndexMaintenanceLog;pkid;NUMBER;22;;;N;"""NTT_RISK_MODELLING"".""ISEQ$$_117733"".nextval"
NTT_RISK_MODELLING;IndexMaintenanceLog;index_name;VARCHAR2;200;;;Y;
NTT_RISK_MODELLING;IndexMaintenanceLog;table_name;VARCHAR2;200;;;Y;
NTT_RISK_MODELLING;IndexMaintenanceLog;action;VARCHAR2;50;;;Y;
NTT_RISK_MODELLING;IndexMaintenanceLog;status;VARCHAR2;20;;;Y;
NTT_RISK_MODELLING;IndexMaintenanceLog;message;VARCHAR2;1000;;;Y;
NTT_RISK_MODELLING;IndexMaintenanceLog;executed_at;TIMESTAMP(6);11;;6;Y;SYSTIMESTAMP
NTT_RISK_MODELLING;IndexMaintenanceLog;duration_ms;NUMBER;22;;;Y;
NTT_RISK_MODELLING;MeDerivedForcastVar;pkid;NUMBER;22;19;0;N;"NTT_RISK_MODELLING.MeDerivedForcastVar_SEQ.NEXTVAL
"
NTT_RISK_MODELLING;MeDerivedForcastVar;activity_code;VARCHAR2;100;;;N;
NTT_RISK_MODELLING;MeDerivedForcastVar;me_period;DATE;7;;;Y;
NTT_RISK_MODELLING;MeDerivedForcastVar;me_code;VARCHAR2;50;;;Y;
NTT_RISK_MODELLING;MeDerivedForcastVar;me_value;NUMBER;22;;;Y;
NTT_RISK_MODELLING;MeDerivedForcastVar;created_by;VARCHAR2;36;;;N;
NTT_RISK_MODELLING;MeDerivedForcastVar;created_date;DATE;7;;;N;
NTT_RISK_MODELLING;MeDerivedForcastVar;created_host;VARCHAR2;36;;;N;
NTT_RISK_MODELLING;MeDerivedForcastVar;updated_by;VARCHAR2;36;;;Y;
NTT_RISK_MODELLING;MeDerivedForcastVar;updated_date;DATE;7;;;Y;
NTT_RISK_MODELLING;MeDerivedForcastVar;updated_host;VARCHAR2;30;;;Y;
NTT_RISK_MODELLING;MeDerivedForcastVar;is_deleted;NUMBER;22;1;0;N;"0
"
NTT_RISK_MODELLING;MeDerivedForcastVar;deleted_by;VARCHAR2;50;;;Y;
NTT_RISK_MODELLING;MeDerivedForcastVar;deleted_date;TIMESTAMP(6);11;;6;Y;
NTT_RISK_MODELLING;MeDerivedForcastVar;deleted_host;VARCHAR2;50;;;Y;
NTT_RISK_MODELLING;MeDerivedVariable;pkid;NUMBER;22;19;0;N;"NTT_RISK_MODELLING.MeDerivedVariable_SEQ.NEXTVAL
"
NTT_RISK_MODELLING;MeDerivedVariable;activity_code;VARCHAR2;100;;;N;
NTT_RISK_MODELLING;MeDerivedVariable;me_period;DATE;7;;;Y;
NTT_RISK_MODELLING;MeDerivedVariable;me_code;VARCHAR2;50;;;Y;
NTT_RISK_MODELLING;MeDerivedVariable;me_value;NUMBER;22;;;Y;
NTT_RISK_MODELLING;MeDerivedVariable;created_by;VARCHAR2;36;;;N;
NTT_RISK_MODELLING;MeDerivedVariable;created_date;DATE;7;;;N;
NTT_RISK_MODELLING;MeDerivedVariable;created_host;VARCHAR2;36;;;N;
NTT_RISK_MODELLING;MeDerivedVariable;updated_by;VARCHAR2;36;;;Y;
NTT_RISK_MODELLING;MeDerivedVariable;updated_date;DATE;7;;;Y;
NTT_RISK_MODELLING;MeDerivedVariable;updated_host;VARCHAR2;30;;;Y;
NTT_RISK_MODELLING;MeDerivedVariable;period;DATE;7;;;Y;
NTT_RISK_MODELLING;MeDerivedVariable;derived_type;VARCHAR2;100;;;Y;
NTT_RISK_MODELLING;MeDerivedVariable;is_deleted;NUMBER;22;1;0;N;"0
"
NTT_RISK_MODELLING;MeDerivedVariable;deleted_by;VARCHAR2;50;;;Y;
NTT_RISK_MODELLING;MeDerivedVariable;deleted_date;TIMESTAMP(6);11;;6;Y;
NTT_RISK_MODELLING;MeDerivedVariable;deleted_host;VARCHAR2;50;;;Y;
NTT_RISK_MODELLING;MevConfiguration;pkid;NUMBER;22;19;0;N;"""NTT_RISK_MODELLING"".""ISEQ$$_109818"".nextval"
NTT_RISK_MODELLING;MevConfiguration;mev_code;VARCHAR2;50;;;Y;
NTT_RISK_MODELLING;MevConfiguration;mev_name;VARCHAR2;100;;;Y;
NTT_RISK_MODELLING;MevConfiguration;mev_description;VARCHAR2;4000;;;Y;
NTT_RISK_MODELLING;MevConfiguration;is_active;NUMBER;22;1;0;N;1
NTT_RISK_MODELLING;MevConfiguration;created_by;VARCHAR2;50;;;N;
NTT_RISK_MODELLING;MevConfiguration;created_date;DATE;7;;;N;
NTT_RISK_MODELLING;MevConfiguration;created_host;VARCHAR2;50;;;N;
NTT_RISK_MODELLING;MevConfiguration;updated_by;VARCHAR2;50;;;Y;
NTT_RISK_MODELLING;MevConfiguration;updated_date;DATE;7;;;Y;
NTT_RISK_MODELLING;MevConfiguration;updated_host;VARCHAR2;50;;;Y;
NTT_RISK_MODELLING;MevConfiguration;code_app;VARCHAR2;25;;;Y;
NTT_RISK_MODELLING;MevConfiguration;is_deleted;NUMBER;22;1;0;N;0
NTT_RISK_MODELLING;MevConfiguration;deleted_by;VARCHAR2;50;;;Y;
NTT_RISK_MODELLING;MevConfiguration;deleted_date;TIMESTAMP(6);11;;6;Y;
NTT_RISK_MODELLING;MevConfiguration;deleted_host;VARCHAR2;50;;;Y;
NTT_RISK_MODELLING;MevKeywords;pkid;NUMBER;22;19;0;N;"""NTT_RISK_MODELLING"".""ISEQ$$_109820"".nextval"
NTT_RISK_MODELLING;MevKeywords;mev_code;VARCHAR2;50;;;Y;
NTT_RISK_MODELLING;MevKeywords;label;VARCHAR2;45;;;Y;
NTT_RISK_MODELLING;MevKeywords;is_active;NUMBER;22;1;0;N;1
NTT_RISK_MODELLING;MevKeywords;created_by;VARCHAR2;50;;;N;
NTT_RISK_MODELLING;MevKeywords;created_date;DATE;7;;;N;
NTT_RISK_MODELLING;MevKeywords;created_host;VARCHAR2;50;;;N;
NTT_RISK_MODELLING;MevKeywords;updated_by;VARCHAR2;50;;;Y;
NTT_RISK_MODELLING;MevKeywords;updated_date;DATE;7;;;Y;
NTT_RISK_MODELLING;MevKeywords;updated_host;VARCHAR2;50;;;Y;
NTT_RISK_MODELLING;MevKeywords;code_app;VARCHAR2;25;;;N;
NTT_RISK_MODELLING;MevKeywords;is_deleted;NUMBER;22;1;0;N;0
NTT_RISK_MODELLING;MevKeywords;deleted_by;VARCHAR2;50;;;Y;
NTT_RISK_MODELLING;MevKeywords;deleted_date;TIMESTAMP(6);11;;6;Y;
NTT_RISK_MODELLING;MevKeywords;deleted_host;VARCHAR2;50;;;Y;
NTT_RISK_MODELLING;MevRestricted;pkid;NUMBER;22;19;0;N;"""NTT_RISK_MODELLING"".""ISEQ$$_109822"".nextval"
NTT_RISK_MODELLING;MevRestricted;mev_code;VARCHAR2;50;;;Y;
NTT_RISK_MODELLING;MevRestricted;is_restricted;NUMBER;22;1;0;N;0
NTT_RISK_MODELLING;MevRestricted;type;VARCHAR2;45;;;Y;
NTT_RISK_MODELLING;MevRestricted;label;VARCHAR2;100;;;Y;
NTT_RISK_MODELLING;MevRestricted;code;VARCHAR2;50;;;Y;
NTT_RISK_MODELLING;MevRestricted;is_active;NUMBER;22;1;0;N;1
NTT_RISK_MODELLING;MevRestricted;created_by;VARCHAR2;50;;;N;
NTT_RISK_MODELLING;MevRestricted;created_date;DATE;7;;;N;
NTT_RISK_MODELLING;MevRestricted;created_host;VARCHAR2;50;;;N;
NTT_RISK_MODELLING;MevRestricted;updated_by;VARCHAR2;50;;;Y;
NTT_RISK_MODELLING;MevRestricted;updated_date;DATE;7;;;Y;
NTT_RISK_MODELLING;MevRestricted;updated_host;VARCHAR2;50;;;Y;
NTT_RISK_MODELLING;MevRestricted;is_deleted;NUMBER;22;1;0;N;0
NTT_RISK_MODELLING;MevRestricted;deleted_by;VARCHAR2;50;;;Y;
NTT_RISK_MODELLING;MevRestricted;deleted_date;TIMESTAMP(6);11;;6;Y;
NTT_RISK_MODELLING;MevRestricted;deleted_host;VARCHAR2;50;;;Y;
NTT_RISK_MODELLING;MevRestricted;code_app;VARCHAR2;25;;;Y;
NTT_RISK_MODELLING;MevResultFileDetail;pkid;NUMBER;22;19;0;N;"""NTT_RISK_MODELLING"".""ISEQ$$_109934"".nextval"
NTT_RISK_MODELLING;MevResultFileDetail;result_file_header_pkid;NUMBER;22;19;0;N;
NTT_RISK_MODELLING;MevResultFileDetail;me_periode;DATE;7;;;Y;
NTT_RISK_MODELLING;MevResultFileDetail;me_code;VARCHAR2;50;;;Y;
NTT_RISK_MODELLING;MevResultFileDetail;mev_code_master;VARCHAR2;50;;;Y;
NTT_RISK_MODELLING;MevResultFileDetail;transform_type;VARCHAR2;800;;;Y;
NTT_RISK_MODELLING;MevResultFileDetail;created_by;VARCHAR2;50;;;N;
NTT_RISK_MODELLING;MevResultFileDetail;created_date;DATE;7;;;N;
NTT_RISK_MODELLING;MevResultFileDetail;created_host;VARCHAR2;50;;;N;
NTT_RISK_MODELLING;MevResultFileDetail;updated_by;VARCHAR2;50;;;Y;
NTT_RISK_MODELLING;MevResultFileDetail;updated_date;DATE;7;;;Y;
NTT_RISK_MODELLING;MevResultFileDetail;updated_host;VARCHAR2;50;;;Y;
NTT_RISK_MODELLING;MevResultFileDetail;activity_code;VARCHAR2;50;;;Y;
NTT_RISK_MODELLING;MevResultFileDetail;run_type;VARCHAR2;50;;;N;
NTT_RISK_MODELLING;MevResultFileDetail;is_deleted;NUMBER;22;1;0;N;0
NTT_RISK_MODELLING;MevResultFileDetail;deleted_by;VARCHAR2;50;;;Y;
NTT_RISK_MODELLING;MevResultFileDetail;deleted_date;TIMESTAMP(6);11;;6;Y;
NTT_RISK_MODELLING;MevResultFileDetail;deleted_host;VARCHAR2;50;;;Y;
NTT_RISK_MODELLING;MevResultFileDetail;IsChecked;NUMBER;22;1;0;N;"0
   "
NTT_RISK_MODELLING;MevResultFileDetail;me_value;NUMBER;22;;;Y;
NTT_RISK_MODELLING;MevTransformations;pkid;NUMBER;22;19;0;N;"""NTT_RISK_MODELLING"".""ISEQ$$_109824"".nextval"
NTT_RISK_MODELLING;MevTransformations;label;VARCHAR2;45;;;Y;
NTT_RISK_MODELLING;MevTransformations;transformation_type;VARCHAR2;45;;;Y;
NTT_RISK_MODELLING;MevTransformations;code;VARCHAR2;500;;;Y;
NTT_RISK_MODELLING;MevTransformations;is_active;NUMBER;22;1;0;N;1
NTT_RISK_MODELLING;MevTransformations;created_by;VARCHAR2;50;;;N;
NTT_RISK_MODELLING;MevTransformations;created_date;DATE;7;;;N;
NTT_RISK_MODELLING;MevTransformations;created_host;VARCHAR2;50;;;N;
NTT_RISK_MODELLING;MevTransformations;updated_by;VARCHAR2;50;;;Y;
NTT_RISK_MODELLING;MevTransformations;updated_date;DATE;7;;;Y;
NTT_RISK_MODELLING;MevTransformations;updated_host;VARCHAR2;50;;;Y;
NTT_RISK_MODELLING;MevTransformations;mev_code;VARCHAR2;50;;;Y;
NTT_RISK_MODELLING;MevTransformations;is_register;NUMBER;22;1;0;N;0
NTT_RISK_MODELLING;MevTransformations;code_app;VARCHAR2;25;;;N;
NTT_RISK_MODELLING;MevTransformations;is_deleted;NUMBER;22;1;0;N;0
NTT_RISK_MODELLING;MevTransformations;deleted_by;VARCHAR2;50;;;Y;
NTT_RISK_MODELLING;MevTransformations;deleted_date;TIMESTAMP(6);11;;6;Y;
NTT_RISK_MODELLING;MevTransformations;deleted_host;VARCHAR2;50;;;Y;
NTT_RISK_MODELLING;ModellingForwardHeader;mpw_header_draft_pkid;NUMBER;22;19;0;N;
NTT_RISK_MODELLING;ModellingForwardHeader;mp_description;VARCHAR2;255;;;Y;
NTT_RISK_MODELLING;ModellingForwardHeader;pd_name;VARCHAR2;50;;;Y;
NTT_RISK_MODELLING;ModellingForwardHeader;created_by;VARCHAR2;50;;;Y;
NTT_RISK_MODELLING;ModellingForwardHeader;created_date;TIMESTAMP(6);11;;6;N;SYSTIMESTAMP 
NTT_RISK_MODELLING;ModellingForwardHeader;created_host;VARCHAR2;50;;;N;
NTT_RISK_MODELLING;ModellingForwardHeader;updated_by;VARCHAR2;50;;;Y;
NTT_RISK_MODELLING;ModellingForwardHeader;updated_date;TIMESTAMP(6);11;;6;Y;
NTT_RISK_MODELLING;ModellingForwardHeader;updated_host;VARCHAR2;50;;;Y;
NTT_RISK_MODELLING;ModellingForwardHeader;is_active;NUMBER;22;1;0;N;1 
NTT_RISK_MODELLING;ModellingForwardHeader;is_deleted;NUMBER;22;1;0;N;0 
NTT_RISK_MODELLING;ModellingForwardHeader;deleted_by;VARCHAR2;50;;;Y;
NTT_RISK_MODELLING;ModellingForwardHeader;deleted_date;TIMESTAMP(6);11;;6;Y;
NTT_RISK_MODELLING;ModellingForwardHeader;deleted_host;VARCHAR2;50;;;Y;
NTT_RISK_MODELLING;ModellingForwardHeader;code_app;VARCHAR2;25;;;Y;
NTT_RISK_MODELLING;ModellingForwardMapping;pkid;NUMBER;22;19;0;N;"""NTT_RISK_MODELLING"".""ISEQ$$_116158"".nextval"
NTT_RISK_MODELLING;ModellingForwardMapping;mpw_step_draft_pkid;NUMBER;22;19;0;Y;
NTT_RISK_MODELLING;ModellingForwardMapping;mpw_header_draft_pkid;NUMBER;22;19;0;Y;
NTT_RISK_MODELLING;ModellingForwardMapping;mp_activity_code;VARCHAR2;50;;;Y;
NTT_RISK_MODELLING;ModellingForwardMapping;mp_run_type;VARCHAR2;50;;;Y;
NTT_RISK_MODELLING;ModellingForwardMapping;mp_description;VARCHAR2;255;;;Y;
NTT_RISK_MODELLING;ModellingForwardMapping;fpw_step_draft_pkid;NUMBER;22;19;0;Y;
NTT_RISK_MODELLING;ModellingForwardMapping;fpw_header_draft_pkid;NUMBER;22;19;0;Y;
NTT_RISK_MODELLING;ModellingForwardMapping;fp_activity_code;VARCHAR2;50;;;Y;
NTT_RISK_MODELLING;ModellingForwardMapping;fp_run_type;VARCHAR2;50;;;Y;
NTT_RISK_MODELLING;ModellingForwardMapping;fp_description;VARCHAR2;255;;;Y;
NTT_RISK_MODELLING;ModellingForwardMapping;last_run;VARCHAR2;50;;;Y;
NTT_RISK_MODELLING;ModellingForwardMapping;is_active;NUMBER;22;1;0;N;1 
NTT_RISK_MODELLING;ModellingForwardMapping;created_by;VARCHAR2;50;;;Y;
NTT_RISK_MODELLING;ModellingForwardMapping;created_date;TIMESTAMP(6);11;;6;N;SYSTIMESTAMP 
NTT_RISK_MODELLING;ModellingForwardMapping;created_host;VARCHAR2;50;;;N;
NTT_RISK_MODELLING;ModellingForwardMapping;updated_by;VARCHAR2;50;;;Y;
NTT_RISK_MODELLING;ModellingForwardMapping;updated_date;TIMESTAMP(6);11;;6;Y;
NTT_RISK_MODELLING;ModellingForwardMapping;updated_host;VARCHAR2;50;;;Y;
NTT_RISK_MODELLING;ModellingForwardMapping;is_deleted;NUMBER;22;1;0;N;0 
NTT_RISK_MODELLING;ModellingForwardMapping;deleted_by;VARCHAR2;50;;;Y;
NTT_RISK_MODELLING;ModellingForwardMapping;deleted_date;TIMESTAMP(6);11;;6;Y;
NTT_RISK_MODELLING;ModellingForwardMapping;deleted_host;VARCHAR2;50;;;Y;
NTT_RISK_MODELLING;ModellingForwardMapping;pd_name;VARCHAR2;50;;;Y;
NTT_RISK_MODELLING;OdrCleanedResult;pkid;NUMBER;22;19;0;N;"""NTT_RISK_MODELLING"".""OdrCleanedResult_SEQ"".NEXTVAL "
NTT_RISK_MODELLING;OdrCleanedResult;activity_code;VARCHAR2;100;;;N;
NTT_RISK_MODELLING;OdrCleanedResult;period;DATE;7;;;Y;
NTT_RISK_MODELLING;OdrCleanedResult;odr;NUMBER;22;;;Y;
NTT_RISK_MODELLING;OdrCleanedResult;created_by;VARCHAR2;36;;;N;
NTT_RISK_MODELLING;OdrCleanedResult;created_date;DATE;7;;;N;
NTT_RISK_MODELLING;OdrCleanedResult;created_host;VARCHAR2;36;;;N;
NTT_RISK_MODELLING;OdrCleanedResult;updated_by;VARCHAR2;36;;;Y;
NTT_RISK_MODELLING;OdrCleanedResult;updated_date;DATE;7;;;Y;
NTT_RISK_MODELLING;OdrCleanedResult;updated_host;VARCHAR2;30;;;Y;
NTT_RISK_MODELLING;OdrCleanedResult;apply_logit_flag;NUMBER;22;19;0;Y;
NTT_RISK_MODELLING;OdrCleanedResult;is_deleted;NUMBER;22;1;0;N;0 
NTT_RISK_MODELLING;OdrCleanedResult;deleted_by;VARCHAR2;50;;;Y;
NTT_RISK_MODELLING;OdrCleanedResult;deleted_date;TIMESTAMP(6);11;;6;Y;
NTT_RISK_MODELLING;OdrCleanedResult;deleted_host;VARCHAR2;50;;;Y;
NTT_RISK_MODELLING;OdrCleanedResult;IsChecked;NUMBER;22;1;0;N;0 
NTT_RISK_MODELLING;OdrDiffResult;pkid;NUMBER;22;19;0;N;"NTT_RISK_MODELLING.OdrDiffResult_SEQ.NEXTVAL
"
NTT_RISK_MODELLING;OdrDiffResult;activity_code;VARCHAR2;100;;;N;
NTT_RISK_MODELLING;OdrDiffResult;period;DATE;7;;;Y;
NTT_RISK_MODELLING;OdrDiffResult;odr;NUMBER;22;;;Y;
NTT_RISK_MODELLING;OdrDiffResult;diff6_odr;NUMBER;22;;;Y;
NTT_RISK_MODELLING;OdrDiffResult;created_by;VARCHAR2;36;;;N;
NTT_RISK_MODELLING;OdrDiffResult;created_date;DATE;7;;;N;
NTT_RISK_MODELLING;OdrDiffResult;created_host;VARCHAR2;36;;;N;
NTT_RISK_MODELLING;OdrDiffResult;updated_by;VARCHAR2;36;;;Y;
NTT_RISK_MODELLING;OdrDiffResult;updated_date;DATE;7;;;Y;
NTT_RISK_MODELLING;OdrDiffResult;updated_host;VARCHAR2;30;;;Y;
NTT_RISK_MODELLING;OdrDiffResult;apply_diff_flag;NUMBER;22;19;0;Y;
NTT_RISK_MODELLING;OdrDiffResult;is_deleted;NUMBER;22;1;0;N;"0
"
NTT_RISK_MODELLING;OdrDiffResult;deleted_by;VARCHAR2;50;;;Y;
NTT_RISK_MODELLING;OdrDiffResult;deleted_date;TIMESTAMP(6);11;;6;Y;
NTT_RISK_MODELLING;OdrDiffResult;deleted_host;VARCHAR2;50;;;Y;
NTT_RISK_MODELLING;OdrDiffResult;IsChecked;NUMBER;22;1;0;N;0
NTT_RISK_MODELLING;OdrLogitResult;pkid;NUMBER;22;19;0;N;"NTT_RISK_MODELLING.OdrLogitResult_SEQ.NEXTVAL
"
NTT_RISK_MODELLING;OdrLogitResult;activity_code;VARCHAR2;100;;;N;
NTT_RISK_MODELLING;OdrLogitResult;period;DATE;7;;;Y;
NTT_RISK_MODELLING;OdrLogitResult;odr;NUMBER;22;;;Y;
NTT_RISK_MODELLING;OdrLogitResult;logit_odr;NUMBER;22;;;Y;
NTT_RISK_MODELLING;OdrLogitResult;created_by;VARCHAR2;36;;;N;
NTT_RISK_MODELLING;OdrLogitResult;created_date;DATE;7;;;N;
NTT_RISK_MODELLING;OdrLogitResult;created_host;VARCHAR2;36;;;N;
NTT_RISK_MODELLING;OdrLogitResult;updated_by;VARCHAR2;36;;;Y;
NTT_RISK_MODELLING;OdrLogitResult;updated_date;DATE;7;;;Y;
NTT_RISK_MODELLING;OdrLogitResult;updated_host;VARCHAR2;30;;;Y;
NTT_RISK_MODELLING;OdrLogitResult;apply_logit_flag;NUMBER;22;19;0;Y;
NTT_RISK_MODELLING;OdrLogitResult;is_deleted;NUMBER;22;1;0;N;"0
"
NTT_RISK_MODELLING;OdrLogitResult;deleted_by;VARCHAR2;50;;;Y;
NTT_RISK_MODELLING;OdrLogitResult;deleted_date;TIMESTAMP(6);11;;6;Y;
NTT_RISK_MODELLING;OdrLogitResult;deleted_host;VARCHAR2;50;;;Y;
NTT_RISK_MODELLING;OdrLogitResult;IsChecked;NUMBER;22;1;0;N;"0
"
NTT_RISK_MODELLING;OdrResultFileDetail;pkid;NUMBER;22;19;0;N;"""NTT_RISK_MODELLING"".""ISEQ$$_109930"".nextval"
NTT_RISK_MODELLING;OdrResultFileDetail;result_file_header_pkid;NUMBER;22;19;0;N;
NTT_RISK_MODELLING;OdrResultFileDetail;base_date;DATE;7;;;Y;
NTT_RISK_MODELLING;OdrResultFileDetail;pd_role_name;VARCHAR2;300;;;Y;
NTT_RISK_MODELLING;OdrResultFileDetail;created_by;VARCHAR2;50;;;N;
NTT_RISK_MODELLING;OdrResultFileDetail;created_date;DATE;7;;;N;
NTT_RISK_MODELLING;OdrResultFileDetail;created_host;VARCHAR2;50;;;N;
NTT_RISK_MODELLING;OdrResultFileDetail;updated_by;VARCHAR2;50;;;Y;
NTT_RISK_MODELLING;OdrResultFileDetail;updated_date;DATE;7;;;Y;
NTT_RISK_MODELLING;OdrResultFileDetail;updated_host;VARCHAR2;50;;;Y;
NTT_RISK_MODELLING;OdrResultFileDetail;activity_code;VARCHAR2;50;;;Y;
NTT_RISK_MODELLING;OdrResultFileDetail;run_type;VARCHAR2;50;;;N;
NTT_RISK_MODELLING;OdrResultFileDetail;is_deleted;NUMBER;22;1;0;N;0
NTT_RISK_MODELLING;OdrResultFileDetail;deleted_by;VARCHAR2;50;;;Y;
NTT_RISK_MODELLING;OdrResultFileDetail;deleted_date;TIMESTAMP(6);11;;6;Y;
NTT_RISK_MODELLING;OdrResultFileDetail;deleted_host;VARCHAR2;50;;;Y;
NTT_RISK_MODELLING;OdrResultFileDetail;IsChecked;NUMBER;22;1;0;N;"0
   "
NTT_RISK_MODELLING;OdrResultFileDetail;odr;NUMBER;22;;;Y;
NTT_RISK_MODELLING;OdrStandardizeResult;activity_code;VARCHAR2;100;;;N;
NTT_RISK_MODELLING;OdrStandardizeResult;period;DATE;7;;;Y;
NTT_RISK_MODELLING;OdrStandardizeResult;odr;NUMBER;22;;;Y;
NTT_RISK_MODELLING;OdrStandardizeResult;std_odr;NUMBER;22;;;Y;
NTT_RISK_MODELLING;OdrStandardizeResult;created_by;VARCHAR2;36;;;N;
NTT_RISK_MODELLING;OdrStandardizeResult;created_date;DATE;7;;;N;
NTT_RISK_MODELLING;OdrStandardizeResult;created_host;VARCHAR2;36;;;N;
NTT_RISK_MODELLING;OdrStandardizeResult;updated_by;VARCHAR2;36;;;Y;
NTT_RISK_MODELLING;OdrStandardizeResult;updated_date;DATE;7;;;Y;
NTT_RISK_MODELLING;OdrStandardizeResult;updated_host;VARCHAR2;30;;;Y;
NTT_RISK_MODELLING;OdrStandardizeResult;apply_logit_flag;NUMBER;22;19;0;Y;
NTT_RISK_MODELLING;OdrStandardizeResult;is_deleted;NUMBER;22;1;0;N;"0
"
NTT_RISK_MODELLING;OdrStandardizeResult;deleted_by;VARCHAR2;50;;;Y;
NTT_RISK_MODELLING;OdrStandardizeResult;deleted_date;TIMESTAMP(6);11;;6;Y;
NTT_RISK_MODELLING;OdrStandardizeResult;deleted_host;VARCHAR2;50;;;Y;
NTT_RISK_MODELLING;OdrStandardizeResult;pkid;NUMBER;22;19;0;N;"NTT_RISK_MODELLING.OdrStandardizeResult_SEQ.NEXTVAL
"
NTT_RISK_MODELLING;OlsRegressionAssumptions;pkid;NUMBER;22;19;0;N;"NTT_RISK_MODELLING.OlsRegressionAssumptions_SEQ.NEXTVAL
"
NTT_RISK_MODELLING;OlsRegressionAssumptions;workflow_detail_draft_pkid;NUMBER;22;19;0;Y;
NTT_RISK_MODELLING;OlsRegressionAssumptions;activity_code;VARCHAR2;50;;;Y;
NTT_RISK_MODELLING;OlsRegressionAssumptions;type;VARCHAR2;50;;;Y;
NTT_RISK_MODELLING;OlsRegressionAssumptions;method;VARCHAR2;300;;;Y;
NTT_RISK_MODELLING;OlsRegressionAssumptions;mandatory;NUMBER;22;1;0;N;0
NTT_RISK_MODELLING;OlsRegressionAssumptions;treshold_type;VARCHAR2;300;;;Y;
NTT_RISK_MODELLING;OlsRegressionAssumptions;value;NUMBER;22;;;Y;
NTT_RISK_MODELLING;OlsRegressionAssumptions;created_by;VARCHAR2;50;;;N;
NTT_RISK_MODELLING;OlsRegressionAssumptions;created_date;DATE;7;;;N;
NTT_RISK_MODELLING;OlsRegressionAssumptions;created_host;VARCHAR2;50;;;N;
NTT_RISK_MODELLING;OlsRegressionAssumptions;updated_by;VARCHAR2;50;;;Y;
NTT_RISK_MODELLING;OlsRegressionAssumptions;updated_date;DATE;7;;;Y;
NTT_RISK_MODELLING;OlsRegressionAssumptions;updated_host;VARCHAR2;50;;;Y;
NTT_RISK_MODELLING;OlsRegressionAssumptions;run_type;VARCHAR2;50;;;N;
NTT_RISK_MODELLING;OlsRegressionAssumptions;pass_threshold;NUMBER;22;19;0;Y;
NTT_RISK_MODELLING;OlsRegressionAssumptions;is_deleted;NUMBER;22;1;0;N;"0
"
NTT_RISK_MODELLING;OlsRegressionAssumptions;deleted_by;VARCHAR2;50;;;Y;
NTT_RISK_MODELLING;OlsRegressionAssumptions;deleted_date;TIMESTAMP(6);11;;6;Y;
NTT_RISK_MODELLING;OlsRegressionAssumptions;deleted_host;VARCHAR2;50;;;Y;
NTT_RISK_MODELLING;PdConfiguration;pkid;NUMBER;22;19;0;N;"""NTT_RISK_MODELLING"".""ISEQ$$_109834"".nextval"
NTT_RISK_MODELLING;PdConfiguration;syscode_pd_config;VARCHAR2;22;;;N;
NTT_RISK_MODELLING;PdConfiguration;pd_name;VARCHAR2;100;;;N;
NTT_RISK_MODELLING;PdConfiguration;segment_code;VARCHAR2;22;;;N;
NTT_RISK_MODELLING;PdConfiguration;pd_method;VARCHAR2;100;;;N;
NTT_RISK_MODELLING;PdConfiguration;effective_start_date;DATE;7;;;N;
NTT_RISK_MODELLING;PdConfiguration;effective_end_date;DATE;7;;;N;
NTT_RISK_MODELLING;PdConfiguration;start_historical_date;DATE;7;;;Y;
NTT_RISK_MODELLING;PdConfiguration;calculation_method;VARCHAR2;100;;;N;
NTT_RISK_MODELLING;PdConfiguration;historical_data;NUMBER;22;19;0;Y;
NTT_RISK_MODELLING;PdConfiguration;expected_lifetime;NUMBER;22;19;0;Y;
NTT_RISK_MODELLING;PdConfiguration;windows_moving;NUMBER;22;19;0;Y;
NTT_RISK_MODELLING;PdConfiguration;include_individual_account;NUMBER;22;1;0;N;0
NTT_RISK_MODELLING;PdConfiguration;include_wo;NUMBER;22;1;0;N;0
NTT_RISK_MODELLING;PdConfiguration;include_close;NUMBER;22;1;0;N;0
NTT_RISK_MODELLING;PdConfiguration;default_ratio_by;VARCHAR2;100;;;Y;
NTT_RISK_MODELLING;PdConfiguration;default_criteria_code;VARCHAR2;22;;;Y;
NTT_RISK_MODELLING;PdConfiguration;bucket_code;VARCHAR2;22;;;N;
NTT_RISK_MODELLING;PdConfiguration;mev_code;VARCHAR2;50;;;Y;
NTT_RISK_MODELLING;PdConfiguration;period_start_date;DATE;7;;;Y;
NTT_RISK_MODELLING;PdConfiguration;period_end_date;DATE;7;;;Y;
NTT_RISK_MODELLING;PdConfiguration;created_by;VARCHAR2;50;;;N;
NTT_RISK_MODELLING;PdConfiguration;created_date;DATE;7;;;N;
NTT_RISK_MODELLING;PdConfiguration;updated_by;VARCHAR2;50;;;Y;
NTT_RISK_MODELLING;PdConfiguration;updated_date;DATE;7;;;Y;
NTT_RISK_MODELLING;PdConfiguration;created_host;VARCHAR2;50;;;N;
NTT_RISK_MODELLING;PdConfiguration;updated_host;VARCHAR2;50;;;Y;
NTT_RISK_MODELLING;PdConfiguration;is_deleted;NUMBER;22;1;0;N;0
NTT_RISK_MODELLING;PdConfiguration;deleted_by;VARCHAR2;50;;;Y;
NTT_RISK_MODELLING;PdConfiguration;deleted_date;TIMESTAMP(6);11;;6;Y;
NTT_RISK_MODELLING;PdConfiguration;deleted_host;VARCHAR2;50;;;Y;
NTT_RISK_MODELLING;PdConfiguration;code_app;VARCHAR2;25;;;Y;
NTT_RISK_MODELLING;PdTtcSource;pkid;NUMBER;22;19;0;N;
NTT_RISK_MODELLING;PdTtcSource;base_date;DATE;7;;;Y;
NTT_RISK_MODELLING;PdTtcSource;bucket;NUMBER;22;10;0;Y;
NTT_RISK_MODELLING;PdTtcSource;ttc_pd;NUMBER;22;;;Y;
NTT_RISK_MODELLING;PdTtcSource;issuer;NUMBER;22;;;Y;
NTT_RISK_MODELLING;PdTtcSource;activity_code;VARCHAR2;50;;;Y;
NTT_RISK_MODELLING;PdTtcSource;run_type;VARCHAR2;50;;;N;
NTT_RISK_MODELLING;PdTtcSource;created_by;VARCHAR2;50;;;N;
NTT_RISK_MODELLING;PdTtcSource;created_date;DATE;7;;;N;
NTT_RISK_MODELLING;PdTtcSource;created_host;VARCHAR2;50;;;N;
NTT_RISK_MODELLING;PdTtcSource;updated_by;VARCHAR2;50;;;Y;
NTT_RISK_MODELLING;PdTtcSource;updated_date;DATE;7;;;Y;
NTT_RISK_MODELLING;PdTtcSource;updated_host;VARCHAR2;50;;;Y;
NTT_RISK_MODELLING;PdTtcSource;fl_year_seq;NUMBER;22;;;Y;
NTT_RISK_MODELLING;PdTtcSource;is_deleted;NUMBER;22;1;0;N;0
NTT_RISK_MODELLING;PdTtcSource;deleted_by;VARCHAR2;50;;;Y;
NTT_RISK_MODELLING;PdTtcSource;deleted_date;TIMESTAMP(6);11;;6;Y;
NTT_RISK_MODELLING;PdTtcSource;deleted_host;VARCHAR2;50;;;Y;
NTT_RISK_MODELLING;PdTtcSource;IsChecked;NUMBER;22;1;0;N;0
NTT_RISK_MODELLING;PearsonFilterDetail;pkid;NUMBER;22;19;0;N;"NTT_RISK_MODELLING.PearsonFilterDetail_SEQ.NEXTVAL
"
NTT_RISK_MODELLING;PearsonFilterDetail;activity_code;VARCHAR2;100;;;N;
NTT_RISK_MODELLING;PearsonFilterDetail;correlation_val;NUMBER;22;;;Y;
NTT_RISK_MODELLING;PearsonFilterDetail;variablename;VARCHAR2;255;;;Y;
NTT_RISK_MODELLING;PearsonFilterDetail;expected_trend;VARCHAR2;20;;;Y;
NTT_RISK_MODELLING;PearsonFilterDetail;in_sample_set;NUMBER;22;;;Y;
NTT_RISK_MODELLING;PearsonFilterDetail;corr_sign;VARCHAR2;1;;;Y;
NTT_RISK_MODELLING;PearsonFilterDetail;corr_gt_flg;VARCHAR2;1;;;Y;
NTT_RISK_MODELLING;PearsonFilterDetail;pass;NUMBER;22;;;Y;
NTT_RISK_MODELLING;PearsonFilterDetail;variable_selection;NUMBER;22;10;0;Y;
NTT_RISK_MODELLING;PearsonFilterDetail;lookupinitial;VARCHAR2;20;;;Y;
NTT_RISK_MODELLING;PearsonFilterDetail;transform_c;NUMBER;22;19;0;Y;
NTT_RISK_MODELLING;PearsonFilterDetail;transform_m;NUMBER;22;19;0;Y;
NTT_RISK_MODELLING;PearsonFilterDetail;sum_transform;NUMBER;22;19;0;Y;
NTT_RISK_MODELLING;PearsonFilterDetail;abs_correlation;NUMBER;22;;;Y;
NTT_RISK_MODELLING;PearsonFilterDetail;adj_correlation;NUMBER;22;;;Y;
NTT_RISK_MODELLING;PearsonFilterDetail;adf_statistic_nc;NUMBER;22;;;Y;
NTT_RISK_MODELLING;PearsonFilterDetail;adf_pvalue_nc;NUMBER;22;;;Y;
NTT_RISK_MODELLING;PearsonFilterDetail;adf_statistic_c;NUMBER;22;;;Y;
NTT_RISK_MODELLING;PearsonFilterDetail;adf_pvalue_c;NUMBER;22;;;Y;
NTT_RISK_MODELLING;PearsonFilterDetail;adf_statistic_ct;NUMBER;22;;;Y;
NTT_RISK_MODELLING;PearsonFilterDetail;adf_pvalue_ct;NUMBER;22;;;Y;
NTT_RISK_MODELLING;PearsonFilterDetail;created_by;VARCHAR2;36;;;N;
NTT_RISK_MODELLING;PearsonFilterDetail;created_date;DATE;7;;;N;
NTT_RISK_MODELLING;PearsonFilterDetail;created_host;VARCHAR2;36;;;N;
NTT_RISK_MODELLING;PearsonFilterDetail;updated_by;VARCHAR2;36;;;Y;
NTT_RISK_MODELLING;PearsonFilterDetail;updated_date;DATE;7;;;Y;
NTT_RISK_MODELLING;PearsonFilterDetail;updated_host;VARCHAR2;30;;;Y;
NTT_RISK_MODELLING;PearsonFilterDetail;apply_logit_flag;NUMBER;22;10;0;Y;
NTT_RISK_MODELLING;PearsonFilterDetail;is_deleted;NUMBER;22;1;0;N;"0
"
NTT_RISK_MODELLING;PearsonFilterDetail;deleted_by;VARCHAR2;50;;;Y;
NTT_RISK_MODELLING;PearsonFilterDetail;deleted_date;TIMESTAMP(6);11;;6;Y;
NTT_RISK_MODELLING;PearsonFilterDetail;deleted_host;VARCHAR2;50;;;Y;
NTT_RISK_MODELLING;PearsonFilterDetail;IsChecked;NUMBER;22;1;0;Y;"0
"
NTT_RISK_MODELLING;PyArima;pkid;NUMBER;22;19;0;N;"""NTT_RISK_MODELLING"".""ISEQ$$_128950"".nextval"
NTT_RISK_MODELLING;PyArima;activity_code;VARCHAR2;100;;;Y;
NTT_RISK_MODELLING;PyArima;arima;VARCHAR2;100;;;Y;
NTT_RISK_MODELLING;PyArima;insample_mape;NUMBER;22;;;Y;
NTT_RISK_MODELLING;PyArima;oos_mape;NUMBER;22;;;Y;
NTT_RISK_MODELLING;PyArima;me_code;VARCHAR2;100;;;Y;
NTT_RISK_MODELLING;PyArima;created_by;VARCHAR2;50;;;N;
NTT_RISK_MODELLING;PyArima;created_date;DATE;7;;;N;
NTT_RISK_MODELLING;PyArima;created_host;VARCHAR2;50;;;N;
NTT_RISK_MODELLING;PyArima;updated_by;VARCHAR2;50;;;Y;
NTT_RISK_MODELLING;PyArima;updated_date;DATE;7;;;Y;
NTT_RISK_MODELLING;PyArima;updated_host;VARCHAR2;50;;;Y;
NTT_RISK_MODELLING;PyArima;is_deleted;NUMBER;22;1;0;N;0 
NTT_RISK_MODELLING;PyArima;deleted_by;VARCHAR2;50;;;Y;
NTT_RISK_MODELLING;PyArima;deleted_date;TIMESTAMP(6);11;;6;Y;
NTT_RISK_MODELLING;PyArima;deleted_host;VARCHAR2;50;;;Y;
NTT_RISK_MODELLING;PyArima;IsChecked;NUMBER;22;1;0;N;0 
NTT_RISK_MODELLING;PyArima;sarimax;VARCHAR2;100;;;Y;
NTT_RISK_MODELLING;PyArima;seasonal;VARCHAR2;100;;;Y;
NTT_RISK_MODELLING;PyArima;aic;VARCHAR2;100;;;Y;
NTT_RISK_MODELLING;PyBackTestInsample;pkid;NUMBER;22;19;0;N;"NTT_RISK_MODELLING.PyBackTestInsample_SEQ.NEXTVAL
"
NTT_RISK_MODELLING;PyBackTestInsample;activity_code;VARCHAR2;100;;;N;
NTT_RISK_MODELLING;PyBackTestInsample;model_seq;NUMBER;22;19;0;Y;
NTT_RISK_MODELLING;PyBackTestInsample;avg_fitted_pd_log;NUMBER;22;;;Y;
NTT_RISK_MODELLING;PyBackTestInsample;sd_fitted_pd_log;NUMBER;22;;;Y;
NTT_RISK_MODELLING;PyBackTestInsample;cor_pd_log;NUMBER;22;;;Y;
NTT_RISK_MODELLING;PyBackTestInsample;min_fitted_pd_log;NUMBER;22;;;Y;
NTT_RISK_MODELLING;PyBackTestInsample;max_fitted_pd_log;NUMBER;22;;;Y;
NTT_RISK_MODELLING;PyBackTestInsample;sum_pdlog_sqrderr;NUMBER;22;;;Y;
NTT_RISK_MODELLING;PyBackTestInsample;mse_pd_log;NUMBER;22;;;Y;
NTT_RISK_MODELLING;PyBackTestInsample;norm_mse;NUMBER;22;;;Y;
NTT_RISK_MODELLING;PyBackTestInsample;avg_actual_pd_log;NUMBER;22;;;Y;
NTT_RISK_MODELLING;PyBackTestInsample;sd_actual_pd_log;NUMBER;22;;;Y;
NTT_RISK_MODELLING;PyBackTestInsample;min_actual_pd_log;NUMBER;22;;;Y;
NTT_RISK_MODELLING;PyBackTestInsample;max_actual_pd_log;NUMBER;22;;;Y;
NTT_RISK_MODELLING;PyBackTestInsample;avg_fitted_pd_rate;NUMBER;22;;;Y;
NTT_RISK_MODELLING;PyBackTestInsample;sd_fitted_pd_rate;NUMBER;22;;;Y;
NTT_RISK_MODELLING;PyBackTestInsample;cor_pd_rate;NUMBER;22;;;Y;
NTT_RISK_MODELLING;PyBackTestInsample;min_fitted_pd_rate;NUMBER;22;;;Y;
NTT_RISK_MODELLING;PyBackTestInsample;max_fitted_pd_rate;NUMBER;22;;;Y;
NTT_RISK_MODELLING;PyBackTestInsample;sum_pdrate_sqrderr;NUMBER;22;;;Y;
NTT_RISK_MODELLING;PyBackTestInsample;mse_pd_rate;NUMBER;22;;;Y;
NTT_RISK_MODELLING;PyBackTestInsample;avg_actual_pd_rate;NUMBER;22;;;Y;
NTT_RISK_MODELLING;PyBackTestInsample;sd_actual_pd_rate;NUMBER;22;;;Y;
NTT_RISK_MODELLING;PyBackTestInsample;min_actual_pd_rate;NUMBER;22;;;Y;
NTT_RISK_MODELLING;PyBackTestInsample;max_actual_pd_rate;NUMBER;22;;;Y;
NTT_RISK_MODELLING;PyBackTestInsample;pdlog_mape;NUMBER;22;;;Y;
NTT_RISK_MODELLING;PyBackTestInsample;pdrate_mape;NUMBER;22;;;Y;
NTT_RISK_MODELLING;PyBackTestInsample;created_by;VARCHAR2;36;;;N;
NTT_RISK_MODELLING;PyBackTestInsample;created_date;DATE;7;;;N;
NTT_RISK_MODELLING;PyBackTestInsample;created_host;VARCHAR2;36;;;N;
NTT_RISK_MODELLING;PyBackTestInsample;updated_by;VARCHAR2;36;;;Y;
NTT_RISK_MODELLING;PyBackTestInsample;updated_date;DATE;7;;;Y;
NTT_RISK_MODELLING;PyBackTestInsample;updated_host;VARCHAR2;30;;;Y;
NTT_RISK_MODELLING;PyBackTestInsample;selected_flag;NUMBER;22;10;0;Y;
NTT_RISK_MODELLING;PyBackTestInsample;ape;NUMBER;22;;;Y;
NTT_RISK_MODELLING;PyBackTestInsample;se;NUMBER;22;;;Y;
NTT_RISK_MODELLING;PyBackTestInsample;is_deleted;NUMBER;22;1;0;N;"0
"
NTT_RISK_MODELLING;PyBackTestInsample;deleted_by;VARCHAR2;50;;;Y;
NTT_RISK_MODELLING;PyBackTestInsample;deleted_date;TIMESTAMP(6);11;;6;Y;
NTT_RISK_MODELLING;PyBackTestInsample;deleted_host;VARCHAR2;50;;;Y;
NTT_RISK_MODELLING;PyBackTestInsample;IsChecked;NUMBER;22;1;0;N;"0
"
NTT_RISK_MODELLING;PyBackTestInsample;avg_actual_pd_std;NUMBER;22;;;Y;
NTT_RISK_MODELLING;PyBackTestInsample;avg_fitted_pd_std;NUMBER;22;;;Y;
NTT_RISK_MODELLING;PyBackTestInsample;cor_pd_std;NUMBER;22;;;Y;
NTT_RISK_MODELLING;PyBackTestInsample;max_actual_pd_std;NUMBER;22;;;Y;
NTT_RISK_MODELLING;PyBackTestInsample;max_fitted_pd_std;NUMBER;22;;;Y;
NTT_RISK_MODELLING;PyBackTestInsample;min_actual_pd_std;NUMBER;22;;;Y;
NTT_RISK_MODELLING;PyBackTestInsample;min_fitted_pd_std;NUMBER;22;;;Y;
NTT_RISK_MODELLING;PyBackTestInsample;mse_pd_std;NUMBER;22;;;Y;
NTT_RISK_MODELLING;PyBackTestInsample;pdstd_mape;NUMBER;22;;;Y;
NTT_RISK_MODELLING;PyBackTestInsample;sd_actual_pd_std;NUMBER;22;;;Y;
NTT_RISK_MODELLING;PyBackTestInsample;sd_fitted_pd_std;NUMBER;22;;;Y;
NTT_RISK_MODELLING;PyBackTestInsample;sum_pdstd_sqrderr;NUMBER;22;;;Y;
NTT_RISK_MODELLING;PyBackTestInsampleDetail;pkid;NUMBER;22;19;0;N;"NTT_RISK_MODELLING.PyBackTestInsampleDetail_SEQ.NEXTVAL
"
NTT_RISK_MODELLING;PyBackTestInsampleDetail;activity_code;VARCHAR2;100;;;N;
NTT_RISK_MODELLING;PyBackTestInsampleDetail;model_seq;NUMBER;22;19;0;Y;
NTT_RISK_MODELLING;PyBackTestInsampleDetail;period;DATE;7;;;Y;
NTT_RISK_MODELLING;PyBackTestInsampleDetail;fitted_pd_log;NUMBER;22;;;Y;
NTT_RISK_MODELLING;PyBackTestInsampleDetail;actual_pd_log;NUMBER;22;;;Y;
NTT_RISK_MODELLING;PyBackTestInsampleDetail;pdlog_sqrd_err;NUMBER;22;;;Y;
NTT_RISK_MODELLING;PyBackTestInsampleDetail;fitted_pd_rate;NUMBER;22;;;Y;
NTT_RISK_MODELLING;PyBackTestInsampleDetail;actual_pd_rate;NUMBER;22;;;Y;
NTT_RISK_MODELLING;PyBackTestInsampleDetail;pdrate_sqrd_err;NUMBER;22;;;Y;
NTT_RISK_MODELLING;PyBackTestInsampleDetail;pdlog_mape;NUMBER;22;;;Y;
NTT_RISK_MODELLING;PyBackTestInsampleDetail;pdrate_mape;NUMBER;22;;;Y;
NTT_RISK_MODELLING;PyBackTestInsampleDetail;created_by;VARCHAR2;36;;;N;
NTT_RISK_MODELLING;PyBackTestInsampleDetail;created_date;DATE;7;;;N;
NTT_RISK_MODELLING;PyBackTestInsampleDetail;created_host;VARCHAR2;36;;;N;
NTT_RISK_MODELLING;PyBackTestInsampleDetail;updated_by;VARCHAR2;36;;;Y;
NTT_RISK_MODELLING;PyBackTestInsampleDetail;updated_date;DATE;7;;;Y;
NTT_RISK_MODELLING;PyBackTestInsampleDetail;updated_host;VARCHAR2;30;;;Y;
NTT_RISK_MODELLING;PyBackTestInsampleDetail;ape;NUMBER;22;;;Y;
NTT_RISK_MODELLING;PyBackTestInsampleDetail;se;NUMBER;22;;;Y;
NTT_RISK_MODELLING;PyBackTestInsampleDetail;is_deleted;NUMBER;22;1;0;N;"0
"
NTT_RISK_MODELLING;PyBackTestInsampleDetail;deleted_by;VARCHAR2;50;;;Y;
NTT_RISK_MODELLING;PyBackTestInsampleDetail;deleted_date;TIMESTAMP(6);11;;6;Y;
NTT_RISK_MODELLING;PyBackTestInsampleDetail;deleted_host;VARCHAR2;50;;;Y;
NTT_RISK_MODELLING;PyBackTestInsampleDetail;actual_pd_std;NUMBER;22;;;Y;
NTT_RISK_MODELLING;PyBackTestInsampleDetail;fitted_pd_std;NUMBER;22;;;Y;
NTT_RISK_MODELLING;PyBackTestInsampleDetail;pdstd_mape;NUMBER;22;;;Y;
NTT_RISK_MODELLING;PyBackTestInsampleDetail;pdstd_sqrd_err;NUMBER;22;;;Y;
NTT_RISK_MODELLING;PyBackTestOutsample;pkid;NUMBER;22;19;0;N;"NTT_RISK_MODELLING.PyBackTestOutsample_SEQ.NEXTVAL
"
NTT_RISK_MODELLING;PyBackTestOutsample;activity_code;VARCHAR2;100;;;N;
NTT_RISK_MODELLING;PyBackTestOutsample;model_seq;NUMBER;22;19;0;Y;
NTT_RISK_MODELLING;PyBackTestOutsample;sum_pdlog_sqrd_err;NUMBER;22;;;Y;0
NTT_RISK_MODELLING;PyBackTestOutsample;sum_pdrate_sqrd_err;NUMBER;22;;;Y;0
NTT_RISK_MODELLING;PyBackTestOutsample;avg_pdlog_sqrd_err;NUMBER;22;;;Y;0
NTT_RISK_MODELLING;PyBackTestOutsample;avg_pdrate_sqrd_err;NUMBER;22;;;Y;0
NTT_RISK_MODELLING;PyBackTestOutsample;avg_pdlog_mape;NUMBER;22;;;Y;0
NTT_RISK_MODELLING;PyBackTestOutsample;avg_pdrate_mape;NUMBER;22;;;Y;0
NTT_RISK_MODELLING;PyBackTestOutsample;created_by;VARCHAR2;36;;;N;
NTT_RISK_MODELLING;PyBackTestOutsample;created_date;DATE;7;;;N;
NTT_RISK_MODELLING;PyBackTestOutsample;created_host;VARCHAR2;36;;;N;
NTT_RISK_MODELLING;PyBackTestOutsample;updated_by;VARCHAR2;36;;;Y;
NTT_RISK_MODELLING;PyBackTestOutsample;updated_date;DATE;7;;;Y;
NTT_RISK_MODELLING;PyBackTestOutsample;updated_host;VARCHAR2;30;;;Y;
NTT_RISK_MODELLING;PyBackTestOutsample;ape;NUMBER;22;;;Y;0
NTT_RISK_MODELLING;PyBackTestOutsample;se;NUMBER;22;;;Y;0
NTT_RISK_MODELLING;PyBackTestOutsample;is_deleted;NUMBER;22;1;0;N;"0
"
NTT_RISK_MODELLING;PyBackTestOutsample;deleted_by;VARCHAR2;50;;;Y;
NTT_RISK_MODELLING;PyBackTestOutsample;deleted_date;TIMESTAMP(6);11;;6;Y;
NTT_RISK_MODELLING;PyBackTestOutsample;deleted_host;VARCHAR2;50;;;Y;
NTT_RISK_MODELLING;PyBackTestOutsample;IsChecked;NUMBER;22;1;0;N;"0
"
NTT_RISK_MODELLING;PyBackTestOutsample;avg_pdstd_mape;NUMBER;22;;;Y;
NTT_RISK_MODELLING;PyBackTestOutsample;avg_pdstd_sqrd_err;NUMBER;22;;;Y;
NTT_RISK_MODELLING;PyBackTestOutsample;sum_pdstd_sqrd_err;NUMBER;22;;;Y;
NTT_RISK_MODELLING;PyBackTestOutsampleDetail;pkid;NUMBER;22;19;0;N;"NTT_RISK_MODELLING.PyBackTestOutsampleDetail_SEQ.NEXTVAL
"
NTT_RISK_MODELLING;PyBackTestOutsampleDetail;activity_code;VARCHAR2;100;;;N;
NTT_RISK_MODELLING;PyBackTestOutsampleDetail;model_seq;NUMBER;22;19;0;Y;
NTT_RISK_MODELLING;PyBackTestOutsampleDetail;period;DATE;7;;;Y;
NTT_RISK_MODELLING;PyBackTestOutsampleDetail;fitted_pd_log;NUMBER;22;;;Y;0
NTT_RISK_MODELLING;PyBackTestOutsampleDetail;actual_pd_log;NUMBER;22;;;Y;0
NTT_RISK_MODELLING;PyBackTestOutsampleDetail;pdlog_sqrd_err;NUMBER;22;;;Y;0
NTT_RISK_MODELLING;PyBackTestOutsampleDetail;fitted_pd_rate;NUMBER;22;;;Y;0
NTT_RISK_MODELLING;PyBackTestOutsampleDetail;actual_pd_rate;NUMBER;22;;;Y;0
NTT_RISK_MODELLING;PyBackTestOutsampleDetail;pdrate_sqrd_err;NUMBER;22;;;Y;0
NTT_RISK_MODELLING;PyBackTestOutsampleDetail;pdlog_mape;NUMBER;22;;;Y;0
NTT_RISK_MODELLING;PyBackTestOutsampleDetail;pdrate_mape;NUMBER;22;;;Y;0
NTT_RISK_MODELLING;PyBackTestOutsampleDetail;created_by;VARCHAR2;36;;;N;
NTT_RISK_MODELLING;PyBackTestOutsampleDetail;created_date;DATE;7;;;N;
NTT_RISK_MODELLING;PyBackTestOutsampleDetail;created_host;VARCHAR2;36;;;N;
NTT_RISK_MODELLING;PyBackTestOutsampleDetail;updated_by;VARCHAR2;36;;;Y;
NTT_RISK_MODELLING;PyBackTestOutsampleDetail;updated_date;DATE;7;;;Y;
NTT_RISK_MODELLING;PyBackTestOutsampleDetail;updated_host;VARCHAR2;30;;;Y;
NTT_RISK_MODELLING;PyBackTestOutsampleDetail;ape;NUMBER;22;;;Y;0
NTT_RISK_MODELLING;PyBackTestOutsampleDetail;se;NUMBER;22;;;Y;0
NTT_RISK_MODELLING;PyBackTestOutsampleDetail;is_deleted;NUMBER;22;1;0;N;"0
"
NTT_RISK_MODELLING;PyBackTestOutsampleDetail;deleted_by;VARCHAR2;50;;;Y;
NTT_RISK_MODELLING;PyBackTestOutsampleDetail;deleted_date;TIMESTAMP(6);11;;6;Y;
NTT_RISK_MODELLING;PyBackTestOutsampleDetail;deleted_host;VARCHAR2;50;;;Y;
NTT_RISK_MODELLING;PyBackTestOutsampleDetail;actual_pd_std;NUMBER;22;;;Y;
NTT_RISK_MODELLING;PyBackTestOutsampleDetail;fitted_pd_std;NUMBER;22;;;Y;
NTT_RISK_MODELLING;PyBackTestOutsampleDetail;pdstd_mape;NUMBER;22;;;Y;
NTT_RISK_MODELLING;PyBackTestOutsampleDetail;pdstd_sqrd_err;NUMBER;22;;;Y;
NTT_RISK_MODELLING;PyBacktestInSampleDtlPen;pkid;NUMBER;22;19;0;N;"NTT_RISK_MODELLING.PyBacktestInSampleDtlPen_SEQ.NEXTVAL
"
NTT_RISK_MODELLING;PyBacktestInSampleDtlPen;model_seq;NUMBER;22;19;0;Y;
NTT_RISK_MODELLING;PyBacktestInSampleDtlPen;period;DATE;7;;;Y;
NTT_RISK_MODELLING;PyBacktestInSampleDtlPen;fitted_pd_log;NUMBER;22;;;Y;
NTT_RISK_MODELLING;PyBacktestInSampleDtlPen;actual_pd_log;NUMBER;22;;;Y;
NTT_RISK_MODELLING;PyBacktestInSampleDtlPen;pdlog_sqrd_err;NUMBER;22;;;Y;
NTT_RISK_MODELLING;PyBacktestInSampleDtlPen;fitted_pd_rate;NUMBER;22;;;Y;
NTT_RISK_MODELLING;PyBacktestInSampleDtlPen;actual_pd_rate;NUMBER;22;;;Y;
NTT_RISK_MODELLING;PyBacktestInSampleDtlPen;pdrate_sqrd_err;NUMBER;22;;;Y;
NTT_RISK_MODELLING;PyBacktestInSampleDtlPen;pdlog_mape;NUMBER;22;;;Y;
NTT_RISK_MODELLING;PyBacktestInSampleDtlPen;pdrate_mape;NUMBER;22;;;Y;
NTT_RISK_MODELLING;PyBacktestInSampleDtlPen;ape;NUMBER;22;;;Y;
NTT_RISK_MODELLING;PyBacktestInSampleDtlPen;se;NUMBER;22;;;Y;
NTT_RISK_MODELLING;PyBacktestInSampleDtlPen;model_id;NUMBER;22;19;0;N;
NTT_RISK_MODELLING;PyBacktestInSampleDtlPen;created_by;VARCHAR2;50;;;N;
NTT_RISK_MODELLING;PyBacktestInSampleDtlPen;created_date;DATE;7;;;N;
NTT_RISK_MODELLING;PyBacktestInSampleDtlPen;created_host;VARCHAR2;50;;;N;
NTT_RISK_MODELLING;PyBacktestInSampleDtlPen;updated_by;VARCHAR2;50;;;Y;
NTT_RISK_MODELLING;PyBacktestInSampleDtlPen;updated_date;DATE;7;;;Y;
NTT_RISK_MODELLING;PyBacktestInSampleDtlPen;updated_host;VARCHAR2;50;;;Y;
NTT_RISK_MODELLING;PyBacktestInSampleDtlPen;is_deleted;NUMBER;22;1;0;N;"0
"
NTT_RISK_MODELLING;PyBacktestInSampleDtlPen;deleted_by;VARCHAR2;50;;;Y;
NTT_RISK_MODELLING;PyBacktestInSampleDtlPen;deleted_date;TIMESTAMP(6);11;;6;Y;
NTT_RISK_MODELLING;PyBacktestInSampleDtlPen;deleted_host;VARCHAR2;50;;;Y;
NTT_RISK_MODELLING;PyBacktestInSamplePen;pkid;NUMBER;22;19;0;N;"NTT_RISK_MODELLING.PyBacktestInSamplePen_SEQ.NEXTVAL
"
NTT_RISK_MODELLING;PyBacktestInSamplePen;model_id;NUMBER;22;10;0;Y;
NTT_RISK_MODELLING;PyBacktestInSamplePen;model_seq;NUMBER;22;10;0;Y;
NTT_RISK_MODELLING;PyBacktestInSamplePen;avg_fitted_pd_log;NUMBER;22;;;Y;
NTT_RISK_MODELLING;PyBacktestInSamplePen;sd_fitted_pd_log;NUMBER;22;;;Y;
NTT_RISK_MODELLING;PyBacktestInSamplePen;cor_pd_log;NUMBER;22;;;Y;
NTT_RISK_MODELLING;PyBacktestInSamplePen;min_fitted_pd_log;NUMBER;22;;;Y;
NTT_RISK_MODELLING;PyBacktestInSamplePen;max_fitted_pd_log;NUMBER;22;;;Y;
NTT_RISK_MODELLING;PyBacktestInSamplePen;sum_pdlog_sqrderr;NUMBER;22;;;Y;
NTT_RISK_MODELLING;PyBacktestInSamplePen;mse_pd_log;NUMBER;22;;;Y;
NTT_RISK_MODELLING;PyBacktestInSamplePen;norm_mse;NUMBER;22;;;Y;
NTT_RISK_MODELLING;PyBacktestInSamplePen;avg_actual_pd_log;NUMBER;22;;;Y;
NTT_RISK_MODELLING;PyBacktestInSamplePen;sd_actual_pd_log;NUMBER;22;;;Y;
NTT_RISK_MODELLING;PyBacktestInSamplePen;min_actual_pd_log;NUMBER;22;;;Y;
NTT_RISK_MODELLING;PyBacktestInSamplePen;max_actual_pd_log;NUMBER;22;;;Y;
NTT_RISK_MODELLING;PyBacktestInSamplePen;avg_fitted_pd_rate;NUMBER;22;;;Y;
NTT_RISK_MODELLING;PyBacktestInSamplePen;sd_fitted_pd_rate;NUMBER;22;;;Y;
NTT_RISK_MODELLING;PyBacktestInSamplePen;cor_pd_rate;NUMBER;22;;;Y;
NTT_RISK_MODELLING;PyBacktestInSamplePen;min_fitted_pd_rate;NUMBER;22;;;Y;
NTT_RISK_MODELLING;PyBacktestInSamplePen;max_fitted_pd_rate;NUMBER;22;;;Y;
NTT_RISK_MODELLING;PyBacktestInSamplePen;sum_pdrate_sqrderr;NUMBER;22;;;Y;
NTT_RISK_MODELLING;PyBacktestInSamplePen;mse_pd_rate;NUMBER;22;;;Y;
NTT_RISK_MODELLING;PyBacktestInSamplePen;avg_actual_pd_rate;NUMBER;22;;;Y;
NTT_RISK_MODELLING;PyBacktestInSamplePen;sd_actual_pd_rate;NUMBER;22;;;Y;
NTT_RISK_MODELLING;PyBacktestInSamplePen;min_actual_pd_rate;NUMBER;22;;;Y;
NTT_RISK_MODELLING;PyBacktestInSamplePen;max_actual_pd_rate;NUMBER;22;;;Y;
NTT_RISK_MODELLING;PyBacktestInSamplePen;pdlog_mape;NUMBER;22;;;Y;
NTT_RISK_MODELLING;PyBacktestInSamplePen;pdrate_mape;NUMBER;22;;;Y;
NTT_RISK_MODELLING;PyBacktestInSamplePen;ape;NUMBER;22;;;Y;
NTT_RISK_MODELLING;PyBacktestInSamplePen;se;NUMBER;22;;;Y;
NTT_RISK_MODELLING;PyBacktestInSamplePen;created_by;VARCHAR2;50;;;N;
NTT_RISK_MODELLING;PyBacktestInSamplePen;created_date;DATE;7;;;N;
NTT_RISK_MODELLING;PyBacktestInSamplePen;created_host;VARCHAR2;50;;;N;
NTT_RISK_MODELLING;PyBacktestInSamplePen;updated_by;VARCHAR2;50;;;Y;
NTT_RISK_MODELLING;PyBacktestInSamplePen;updated_date;DATE;7;;;Y;
NTT_RISK_MODELLING;PyBacktestInSamplePen;updated_host;VARCHAR2;50;;;Y;
NTT_RISK_MODELLING;PyBacktestInSamplePen;is_deleted;NUMBER;22;1;0;N;"0
"
NTT_RISK_MODELLING;PyBacktestInSamplePen;deleted_by;VARCHAR2;50;;;Y;
NTT_RISK_MODELLING;PyBacktestInSamplePen;deleted_date;TIMESTAMP(6);11;;6;Y;
NTT_RISK_MODELLING;PyBacktestInSamplePen;deleted_host;VARCHAR2;50;;;Y;
NTT_RISK_MODELLING;PyBacktestOutSampleDtlPen;pkid;NUMBER;22;19;0;N;"NTT_RISK_MODELLING.PyBacktestOutSampleDtlPen_SEQ.NEXTVAL
"
NTT_RISK_MODELLING;PyBacktestOutSampleDtlPen;model_seq;NUMBER;22;19;0;Y;
NTT_RISK_MODELLING;PyBacktestOutSampleDtlPen;period;DATE;7;;;Y;
NTT_RISK_MODELLING;PyBacktestOutSampleDtlPen;fitted_pd_log;NUMBER;22;;;Y;
NTT_RISK_MODELLING;PyBacktestOutSampleDtlPen;actual_pd_log;NUMBER;22;;;Y;
NTT_RISK_MODELLING;PyBacktestOutSampleDtlPen;pdlog_sqrd_err;NUMBER;22;;;Y;
NTT_RISK_MODELLING;PyBacktestOutSampleDtlPen;fitted_pd_rate;NUMBER;22;;;Y;
NTT_RISK_MODELLING;PyBacktestOutSampleDtlPen;actual_pd_rate;NUMBER;22;;;Y;
NTT_RISK_MODELLING;PyBacktestOutSampleDtlPen;pdrate_sqrd_err;NUMBER;22;;;Y;
NTT_RISK_MODELLING;PyBacktestOutSampleDtlPen;pdlog_mape;NUMBER;22;;;Y;
NTT_RISK_MODELLING;PyBacktestOutSampleDtlPen;pdrate_mape;NUMBER;22;;;Y;
NTT_RISK_MODELLING;PyBacktestOutSampleDtlPen;ape;NUMBER;22;;;Y;
NTT_RISK_MODELLING;PyBacktestOutSampleDtlPen;se;NUMBER;22;;;Y;
NTT_RISK_MODELLING;PyBacktestOutSampleDtlPen;model_id;NUMBER;22;19;0;N;
NTT_RISK_MODELLING;PyBacktestOutSampleDtlPen;created_by;VARCHAR2;50;;;N;
NTT_RISK_MODELLING;PyBacktestOutSampleDtlPen;created_date;DATE;7;;;N;
NTT_RISK_MODELLING;PyBacktestOutSampleDtlPen;created_host;VARCHAR2;50;;;N;
NTT_RISK_MODELLING;PyBacktestOutSampleDtlPen;updated_by;VARCHAR2;50;;;Y;
NTT_RISK_MODELLING;PyBacktestOutSampleDtlPen;updated_date;DATE;7;;;Y;
NTT_RISK_MODELLING;PyBacktestOutSampleDtlPen;updated_host;VARCHAR2;50;;;Y;
NTT_RISK_MODELLING;PyBacktestOutSampleDtlPen;is_deleted;NUMBER;22;1;0;N;"0
"
NTT_RISK_MODELLING;PyBacktestOutSampleDtlPen;deleted_by;VARCHAR2;50;;;Y;
NTT_RISK_MODELLING;PyBacktestOutSampleDtlPen;deleted_date;TIMESTAMP(6);11;;6;Y;
NTT_RISK_MODELLING;PyBacktestOutSampleDtlPen;deleted_host;VARCHAR2;50;;;Y;
NTT_RISK_MODELLING;PyBacktestOutSamplePen;pkid;NUMBER;22;19;0;N;"NTT_RISK_MODELLING.PyBacktestOutSamplePen_SEQ.NEXTVAL
"
NTT_RISK_MODELLING;PyBacktestOutSamplePen;model_seq;NUMBER;22;19;0;Y;
NTT_RISK_MODELLING;PyBacktestOutSamplePen;sum_pdlog_sqrd_err;NUMBER;22;;;Y;
NTT_RISK_MODELLING;PyBacktestOutSamplePen;sum_pdrate_sqrd_err;NUMBER;22;;;Y;
NTT_RISK_MODELLING;PyBacktestOutSamplePen;avg_pdlog_sqrd_err;NUMBER;22;;;Y;
NTT_RISK_MODELLING;PyBacktestOutSamplePen;avg_pdrate_sqrd_err;NUMBER;22;;;Y;
NTT_RISK_MODELLING;PyBacktestOutSamplePen;avg_pdlog_mape;NUMBER;22;;;Y;
NTT_RISK_MODELLING;PyBacktestOutSamplePen;avg_pdrate_mape;NUMBER;22;;;Y;
NTT_RISK_MODELLING;PyBacktestOutSamplePen;ape;NUMBER;22;;;Y;
NTT_RISK_MODELLING;PyBacktestOutSamplePen;se;NUMBER;22;;;Y;
NTT_RISK_MODELLING;PyBacktestOutSamplePen;model_id;NUMBER;22;19;0;N;
NTT_RISK_MODELLING;PyBacktestOutSamplePen;created_by;VARCHAR2;50;;;N;
NTT_RISK_MODELLING;PyBacktestOutSamplePen;created_date;DATE;7;;;N;
NTT_RISK_MODELLING;PyBacktestOutSamplePen;created_host;VARCHAR2;50;;;N;
NTT_RISK_MODELLING;PyBacktestOutSamplePen;updated_by;VARCHAR2;50;;;Y;
NTT_RISK_MODELLING;PyBacktestOutSamplePen;updated_date;DATE;7;;;Y;
NTT_RISK_MODELLING;PyBacktestOutSamplePen;updated_host;VARCHAR2;50;;;Y;
NTT_RISK_MODELLING;PyBacktestOutSamplePen;is_deleted;NUMBER;22;1;0;N;"0
"
NTT_RISK_MODELLING;PyBacktestOutSamplePen;deleted_by;VARCHAR2;50;;;Y;
NTT_RISK_MODELLING;PyBacktestOutSamplePen;deleted_date;TIMESTAMP(6);11;;6;Y;
NTT_RISK_MODELLING;PyBacktestOutSamplePen;deleted_host;VARCHAR2;50;;;Y;
NTT_RISK_MODELLING;PyConfig;pkid;NUMBER;22;19;0;N;"""NTT_RISK_MODELLING"".""ISEQ$$_128417"".nextval"
NTT_RISK_MODELLING;PyConfig;memory_limit_bytes;NUMBER;22;;;Y;
NTT_RISK_MODELLING;PyConfig;memory_limit_gb;NUMBER;22;;;Y;
NTT_RISK_MODELLING;PyConfig;memory_check_interval;NUMBER;22;;;Y;
NTT_RISK_MODELLING;PyConfig;max_combination;NUMBER;22;;;Y;
NTT_RISK_MODELLING;PyConfig;created_by;VARCHAR2;50;;;Y;
NTT_RISK_MODELLING;PyConfig;created_date;DATE;7;;;Y;
NTT_RISK_MODELLING;PyConfig;created_host;VARCHAR2;50;;;Y;
NTT_RISK_MODELLING;PyConfig;updated_by;VARCHAR2;50;;;Y;
NTT_RISK_MODELLING;PyConfig;updated_date;DATE;7;;;Y;
NTT_RISK_MODELLING;PyConfig;updated_host;VARCHAR2;50;;;Y;
NTT_RISK_MODELLING;PyConfig;is_deleted;NUMBER;22;1;0;N;0 
NTT_RISK_MODELLING;PyConfig;deleted_by;VARCHAR2;50;;;Y;
NTT_RISK_MODELLING;PyConfig;deleted_date;TIMESTAMP(6);11;;6;Y;
NTT_RISK_MODELLING;PyConfig;deleted_host;VARCHAR2;50;;;Y;
NTT_RISK_MODELLING;PyConfig;IsChecked;NUMBER;22;1;0;N;0 
NTT_RISK_MODELLING;PyConfig;max_worker;NUMBER;22;1;0;Y;
NTT_RISK_MODELLING;PyCummulativePd;pkid;NUMBER;22;19;0;N;"""NTT_RISK_MODELLING"".""ISEQ$$_109856"".nextval"
NTT_RISK_MODELLING;PyCummulativePd;activity_code;VARCHAR2;255;;;N;
NTT_RISK_MODELLING;PyCummulativePd;base_date;DATE;7;;;Y;
NTT_RISK_MODELLING;PyCummulativePd;bucket_id;VARCHAR2;255;;;Y;
NTT_RISK_MODELLING;PyCummulativePd;fl_year;VARCHAR2;255;;;Y;
NTT_RISK_MODELLING;PyCummulativePd;model_seq;VARCHAR2;255;;;Y;
NTT_RISK_MODELLING;PyCummulativePd;created_by;VARCHAR2;50;;;N;
NTT_RISK_MODELLING;PyCummulativePd;created_date;DATE;7;;;N;
NTT_RISK_MODELLING;PyCummulativePd;created_host;VARCHAR2;50;;;N;
NTT_RISK_MODELLING;PyCummulativePd;updated_by;VARCHAR2;50;;;Y;
NTT_RISK_MODELLING;PyCummulativePd;updated_date;DATE;7;;;Y;
NTT_RISK_MODELLING;PyCummulativePd;updated_host;VARCHAR2;50;;;Y;
NTT_RISK_MODELLING;PyCummulativePd;is_deleted;NUMBER;22;1;0;N;0
NTT_RISK_MODELLING;PyCummulativePd;deleted_by;VARCHAR2;50;;;Y;
NTT_RISK_MODELLING;PyCummulativePd;deleted_date;TIMESTAMP(6);11;;6;Y;
NTT_RISK_MODELLING;PyCummulativePd;deleted_host;VARCHAR2;50;;;Y;
NTT_RISK_MODELLING;PyCummulativePd;IsChecked;NUMBER;22;1;0;N;0
NTT_RISK_MODELLING;PyCummulativePd;cummulative_pd;NUMBER;22;;;Y;
NTT_RISK_MODELLING;PyCummulativePdBinomial;pkid;NUMBER;22;19;0;N;"""NTT_RISK_MODELLING"".""ISEQ$$_111681"".nextval"
NTT_RISK_MODELLING;PyCummulativePdBinomial;activity_code;VARCHAR2;255;;;Y;
NTT_RISK_MODELLING;PyCummulativePdBinomial;base_date;DATE;7;;;Y;
NTT_RISK_MODELLING;PyCummulativePdBinomial;to_date;DATE;7;;;Y;
NTT_RISK_MODELLING;PyCummulativePdBinomial;period;DATE;7;;;Y;
NTT_RISK_MODELLING;PyCummulativePdBinomial;bucket_group;VARCHAR2;255;;;Y;
NTT_RISK_MODELLING;PyCummulativePdBinomial;bucket_from;NUMBER;22;10;0;Y;
NTT_RISK_MODELLING;PyCummulativePdBinomial;bucket_to;NUMBER;22;10;0;Y;
NTT_RISK_MODELLING;PyCummulativePdBinomial;forecast_mev_type;VARCHAR2;255;;;Y;
NTT_RISK_MODELLING;PyCummulativePdBinomial;created_by;VARCHAR2;50;;;N;'systems' 
NTT_RISK_MODELLING;PyCummulativePdBinomial;created_date;TIMESTAMP(6);11;;6;N;CURRENT_TIMESTAMP 
NTT_RISK_MODELLING;PyCummulativePdBinomial;created_host;VARCHAR2;36;;;N;'localhost' 
NTT_RISK_MODELLING;PyCummulativePdBinomial;updated_by;VARCHAR2;50;;;Y;
NTT_RISK_MODELLING;PyCummulativePdBinomial;updated_date;TIMESTAMP(6);11;;6;Y;
NTT_RISK_MODELLING;PyCummulativePdBinomial;updated_host;VARCHAR2;50;;;Y;
NTT_RISK_MODELLING;PyCummulativePdBinomial;is_deleted;NUMBER;22;1;0;N;0 
NTT_RISK_MODELLING;PyCummulativePdBinomial;deleted_by;VARCHAR2;50;;;Y;
NTT_RISK_MODELLING;PyCummulativePdBinomial;deleted_date;TIMESTAMP(6);11;;6;Y;
NTT_RISK_MODELLING;PyCummulativePdBinomial;deleted_host;VARCHAR2;30;;;Y;
NTT_RISK_MODELLING;PyCummulativePdBinomial;IsChecked;NUMBER;22;1;0;N;0 
NTT_RISK_MODELLING;PyCummulativePdBinomial;cpd;NUMBER;22;;;Y;
NTT_RISK_MODELLING;PyCummulativePdBinomial;fl_pd;NUMBER;22;;;Y;
NTT_RISK_MODELLING;PyCummulativePdBinomial;year;NUMBER;22;38;0;Y;
NTT_RISK_MODELLING;PyCummulativePdBinomial;pd_rule_id;NUMBER;22;38;0;Y;
NTT_RISK_MODELLING;PyCummulativePdBinomial;model_formula;VARCHAR2;4000;;;Y;
NTT_RISK_MODELLING;PyCummulativePdBinomial;best_model;NUMBER;22;1;0;Y;
NTT_RISK_MODELLING;PyCummulativePdBinomial;model_seq;NUMBER;22;19;0;Y;
NTT_RISK_MODELLING;PyCummulativePdBinomial;is_selected;NUMBER;22;1;0;Y;
NTT_RISK_MODELLING;PyExpectedTrend;pkid;NUMBER;22;19;0;N;"""NTT_RISK_MODELLING"".""ISEQ$$_109858"".nextval"
NTT_RISK_MODELLING;PyExpectedTrend;activity_code;VARCHAR2;50;;;Y;
NTT_RISK_MODELLING;PyExpectedTrend;variablename;VARCHAR2;50;;;Y;
NTT_RISK_MODELLING;PyExpectedTrend;expected_trend;VARCHAR2;20;;;Y;
NTT_RISK_MODELLING;PyExpectedTrend;created_by;VARCHAR2;50;;;N;
NTT_RISK_MODELLING;PyExpectedTrend;created_date;DATE;7;;;N;
NTT_RISK_MODELLING;PyExpectedTrend;created_host;VARCHAR2;50;;;N;
NTT_RISK_MODELLING;PyExpectedTrend;updated_by;VARCHAR2;50;;;Y;
NTT_RISK_MODELLING;PyExpectedTrend;updated_date;DATE;7;;;Y;
NTT_RISK_MODELLING;PyExpectedTrend;updated_host;VARCHAR2;50;;;Y;
NTT_RISK_MODELLING;PyExpectedTrend;variable_selection;NUMBER;22;19;0;Y;
NTT_RISK_MODELLING;PyExpectedTrend;correlation_val;NUMBER;22;;;Y;
NTT_RISK_MODELLING;PyExpectedTrend;is_deleted;NUMBER;22;1;0;N;0
NTT_RISK_MODELLING;PyExpectedTrend;deleted_by;VARCHAR2;50;;;Y;
NTT_RISK_MODELLING;PyExpectedTrend;deleted_date;TIMESTAMP(6);11;;6;Y;
NTT_RISK_MODELLING;PyExpectedTrend;deleted_host;VARCHAR2;50;;;Y;
NTT_RISK_MODELLING;PyExpectedTrend;IsChecked;NUMBER;22;1;0;Y;"CASE ""variable_selection"" WHEN 1 THEN 1 ELSE 0 END "
NTT_RISK_MODELLING;PyFlImpact;pkid;NUMBER;22;19;0;N;"""NTT_RISK_MODELLING"".""ISEQ$$_111846"".nextval"
NTT_RISK_MODELLING;PyFlImpact;activity_code;VARCHAR2;255;;;Y;
NTT_RISK_MODELLING;PyFlImpact;period;DATE;7;;;Y;
NTT_RISK_MODELLING;PyFlImpact;fl_impact;NUMBER;22;;;Y;
NTT_RISK_MODELLING;PyFlImpact;created_by;VARCHAR2;50;;;N;'systems' 
NTT_RISK_MODELLING;PyFlImpact;created_date;TIMESTAMP(6);11;;6;N;CURRENT_TIMESTAMP 
NTT_RISK_MODELLING;PyFlImpact;created_host;VARCHAR2;36;;;N;'localhost' 
NTT_RISK_MODELLING;PyFlImpact;updated_by;VARCHAR2;50;;;Y;
NTT_RISK_MODELLING;PyFlImpact;updated_date;TIMESTAMP(6);11;;6;Y;
NTT_RISK_MODELLING;PyFlImpact;updated_host;VARCHAR2;50;;;Y;
NTT_RISK_MODELLING;PyFlImpact;is_deleted;NUMBER;22;1;0;N;0 
NTT_RISK_MODELLING;PyFlImpact;deleted_by;VARCHAR2;50;;;Y;
NTT_RISK_MODELLING;PyFlImpact;deleted_date;TIMESTAMP(6);11;;6;Y;
NTT_RISK_MODELLING;PyFlImpact;deleted_host;VARCHAR2;30;;;Y;
NTT_RISK_MODELLING;PyFlImpact;IsChecked;NUMBER;22;1;0;N;0 
NTT_RISK_MODELLING;PyFlImpact;year;NUMBER;22;38;0;Y;
NTT_RISK_MODELLING;PyFlImpact;model_formula;VARCHAR2;4000;;;Y;
NTT_RISK_MODELLING;PyFlImpact;adj_r_squared;NUMBER;22;;;Y;
NTT_RISK_MODELLING;PyFlImpact;status;VARCHAR2;50;;;Y;
NTT_RISK_MODELLING;PyFlImpact;insample_mape;NUMBER;22;;;Y;
NTT_RISK_MODELLING;PyFlImpact;outsample_mape;NUMBER;22;;;Y;
NTT_RISK_MODELLING;PyFlImpact;transform_odr_type;VARCHAR2;20;;;Y;
NTT_RISK_MODELLING;PyFlImpact;best_model;NUMBER;22;1;0;Y;
NTT_RISK_MODELLING;PyFlImpact;model_seq;NUMBER;22;19;0;Y;
NTT_RISK_MODELLING;PyFlImpact;is_selected;NUMBER;22;1;0;Y;
NTT_RISK_MODELLING;PyFlImpact;coefficient_variable_name_1;VARCHAR2;255;;;Y;
NTT_RISK_MODELLING;PyFlImpact;coefficient_variable_1;NUMBER;22;;;Y;
NTT_RISK_MODELLING;PyFlImpact;coefficient_variable_name_2;VARCHAR2;255;;;Y;
NTT_RISK_MODELLING;PyFlImpact;coefficient_variable_2;NUMBER;22;;;Y;
NTT_RISK_MODELLING;PyFlImpact;coefficient_variable_name_3;VARCHAR2;255;;;Y;
NTT_RISK_MODELLING;PyFlImpact;coefficient_variable_3;NUMBER;22;;;Y;
NTT_RISK_MODELLING;PyFlImpact;kolmogorov_smirnov;NUMBER;22;;;Y;
NTT_RISK_MODELLING;PyFlImpact;lagrange_multiplier;NUMBER;22;;;Y;
NTT_RISK_MODELLING;PyFlImpact;variance_inflation_factor;NUMBER;22;;;Y;
NTT_RISK_MODELLING;PyFlImpact;anderson_darling;NUMBER;22;;;Y;
NTT_RISK_MODELLING;PyFlImpact;breusch_pagan;NUMBER;22;;;Y;
NTT_RISK_MODELLING;PyFlImpact;durbin_watson;NUMBER;22;;;Y;
NTT_RISK_MODELLING;PyFlImpact;shapiro_wilk;NUMBER;22;;;Y;
NTT_RISK_MODELLING;PyFlImpact;r_squared;NUMBER;22;;;Y;
NTT_RISK_MODELLING;PyFlImpact;p_value;NUMBER;22;;;Y;0
NTT_RISK_MODELLING;PyFlImpact;f_statistic;NUMBER;22;;;Y;0
NTT_RISK_MODELLING;PyFlImpact;df_regr;NUMBER;22;19;0;Y;
NTT_RISK_MODELLING;PyFlImpact;df_resd;NUMBER;22;19;0;Y;
NTT_RISK_MODELLING;PyFlImpact;df_total;NUMBER;22;19;0;Y;
NTT_RISK_MODELLING;PyFlImpact;ols_pass_count;NUMBER;22;1;0;N;0 
NTT_RISK_MODELLING;PyFlImpact;aic;NUMBER;22;;;Y;0
NTT_RISK_MODELLING;PyFlImpact;bic;NUMBER;22;;;Y;0
NTT_RISK_MODELLING;PyFlImpact;sic;NUMBER;22;;;Y;0
NTT_RISK_MODELLING;PyFlImpact;mult_r_squared;NUMBER;22;;;Y;"0
"
NTT_RISK_MODELLING;PyFlImpact;intercept_name;VARCHAR2;255;;;Y;
NTT_RISK_MODELLING;PyFlImpact;intercept;NUMBER;22;;;Y;
NTT_RISK_MODELLING;PyFlImpact;p_value_variable_1;NUMBER;22;;;Y;
NTT_RISK_MODELLING;PyFlImpact;p_value_variable_2;NUMBER;22;;;Y;
NTT_RISK_MODELLING;PyFlImpact;p_value_variable_3;NUMBER;22;;;Y;
NTT_RISK_MODELLING;PyFlImpact;p_value_intercept;NUMBER;22;;;Y;
NTT_RISK_MODELLING;PyFlImpact;jarque_bera;NUMBER;22;;;Y;
NTT_RISK_MODELLING;PyFlImpact;breusch_godfrey;NUMBER;22;;;Y;
NTT_RISK_MODELLING;PyInterpolasi;pkid;NUMBER;22;19;0;N;"""NTT_RISK_MODELLING"".""ISEQ$$_111849"".nextval"
NTT_RISK_MODELLING;PyInterpolasi;activity_code;VARCHAR2;255;;;Y;
NTT_RISK_MODELLING;PyInterpolasi;period;DATE;7;;;Y;
NTT_RISK_MODELLING;PyInterpolasi;month;NUMBER;22;10;0;Y;
NTT_RISK_MODELLING;PyInterpolasi;bucket;NUMBER;22;10;0;Y;
NTT_RISK_MODELLING;PyInterpolasi;cpd;NUMBER;22;;;Y;
NTT_RISK_MODELLING;PyInterpolasi;mpd;NUMBER;22;;;Y;
NTT_RISK_MODELLING;PyInterpolasi;forecast_mev_type;VARCHAR2;255;;;Y;
NTT_RISK_MODELLING;PyInterpolasi;created_by;VARCHAR2;50;;;N;'systems' 
NTT_RISK_MODELLING;PyInterpolasi;created_date;TIMESTAMP(6);11;;6;N;CURRENT_TIMESTAMP 
NTT_RISK_MODELLING;PyInterpolasi;created_host;VARCHAR2;36;;;N;'localhost' 
NTT_RISK_MODELLING;PyInterpolasi;updated_by;VARCHAR2;50;;;Y;
NTT_RISK_MODELLING;PyInterpolasi;updated_date;TIMESTAMP(6);11;;6;Y;
NTT_RISK_MODELLING;PyInterpolasi;updated_host;VARCHAR2;50;;;Y;
NTT_RISK_MODELLING;PyInterpolasi;is_deleted;NUMBER;22;1;0;N;0 
NTT_RISK_MODELLING;PyInterpolasi;deleted_by;VARCHAR2;50;;;Y;
NTT_RISK_MODELLING;PyInterpolasi;deleted_date;TIMESTAMP(6);11;;6;Y;
NTT_RISK_MODELLING;PyInterpolasi;deleted_host;VARCHAR2;30;;;Y;
NTT_RISK_MODELLING;PyInterpolasi;IsChecked;NUMBER;22;1;0;N;0 
NTT_RISK_MODELLING;PyInterpolasi;year;NUMBER;22;38;0;Y;
NTT_RISK_MODELLING;PyInterpolasi;pd_rule_id;NUMBER;22;38;0;Y;
NTT_RISK_MODELLING;PyInterpolasi;model_formula;VARCHAR2;4000;;;Y;
NTT_RISK_MODELLING;PyInterpolasi;model_seq;NUMBER;22;19;0;Y;
NTT_RISK_MODELLING;PyInterpolasi;best_model;NUMBER;22;1;0;Y;
NTT_RISK_MODELLING;PyInterpolasi;is_selected;NUMBER;22;1;0;Y;
NTT_RISK_MODELLING;PyLinregAssumption;pkid;NUMBER;22;19;0;N;"NTT_RISK_MODELLING.PyLinregAssumption_SEQ.NEXTVAL
"
NTT_RISK_MODELLING;PyLinregAssumption;activity_code;VARCHAR2;100;;;N;
NTT_RISK_MODELLING;PyLinregAssumption;model_seq;NUMBER;22;19;0;Y;
NTT_RISK_MODELLING;PyLinregAssumption;test_name;VARCHAR2;255;;;Y;
NTT_RISK_MODELLING;PyLinregAssumption;test_descr;VARCHAR2;255;;;Y;
NTT_RISK_MODELLING;PyLinregAssumption;stats_value;NUMBER;22;;;Y;
NTT_RISK_MODELLING;PyLinregAssumption;p_value;NUMBER;22;;;Y;
NTT_RISK_MODELLING;PyLinregAssumption;null_hypothesis;VARCHAR2;255;;;Y;
NTT_RISK_MODELLING;PyLinregAssumption;alter_hypothesis;VARCHAR2;255;;;Y;
NTT_RISK_MODELLING;PyLinregAssumption;created_by;VARCHAR2;36;;;N;
NTT_RISK_MODELLING;PyLinregAssumption;created_date;DATE;7;;;N;
NTT_RISK_MODELLING;PyLinregAssumption;created_host;VARCHAR2;36;;;N;
NTT_RISK_MODELLING;PyLinregAssumption;updated_by;VARCHAR2;36;;;Y;
NTT_RISK_MODELLING;PyLinregAssumption;updated_date;DATE;7;;;Y;
NTT_RISK_MODELLING;PyLinregAssumption;updated_host;VARCHAR2;30;;;Y;
NTT_RISK_MODELLING;PyLinregAssumption;is_deleted;NUMBER;22;1;0;N;"0
"
NTT_RISK_MODELLING;PyLinregAssumption;deleted_by;VARCHAR2;50;;;Y;
NTT_RISK_MODELLING;PyLinregAssumption;deleted_date;TIMESTAMP(6);11;;6;Y;
NTT_RISK_MODELLING;PyLinregAssumption;deleted_host;VARCHAR2;50;;;Y;
NTT_RISK_MODELLING;PyLinregStatsPen;model_seq;NUMBER;22;19;0;N;
NTT_RISK_MODELLING;PyLinregStatsPen;test_name;VARCHAR2;255;;;Y;
NTT_RISK_MODELLING;PyLinregStatsPen;test_descr;VARCHAR2;255;;;Y;
NTT_RISK_MODELLING;PyLinregStatsPen;stats_value;NUMBER;22;;;Y;0
NTT_RISK_MODELLING;PyLinregStatsPen;p_value;NUMBER;22;;;Y;0
NTT_RISK_MODELLING;PyLinregStatsPen;null_hypothesis;VARCHAR2;255;;;Y;
NTT_RISK_MODELLING;PyLinregStatsPen;alter_hypothesis;VARCHAR2;255;;;Y;
NTT_RISK_MODELLING;PyLinregStatsPen;final_result;VARCHAR2;255;;;Y;
NTT_RISK_MODELLING;PyLinregStatsPen;created_by;VARCHAR2;50;;;N;
NTT_RISK_MODELLING;PyLinregStatsPen;created_date;DATE;7;;;N;
NTT_RISK_MODELLING;PyLinregStatsPen;created_host;VARCHAR2;50;;;N;
NTT_RISK_MODELLING;PyLinregStatsPen;updated_by;VARCHAR2;50;;;Y;
NTT_RISK_MODELLING;PyLinregStatsPen;updated_date;DATE;7;;;Y;
NTT_RISK_MODELLING;PyLinregStatsPen;updated_host;VARCHAR2;50;;;Y;
NTT_RISK_MODELLING;PyLinregStatsPen;activity_code;VARCHAR2;255;;;N;
NTT_RISK_MODELLING;PyLinregStatsPen;pkid;NUMBER;22;19;0;N;"NTT_RISK_MODELLING.PyLinregStatsPen_SEQ.NEXTVAL

"
NTT_RISK_MODELLING;PyLinregStatsPen;is_deleted;NUMBER;22;1;0;N;"0
"
NTT_RISK_MODELLING;PyLinregStatsPen;deleted_by;VARCHAR2;50;;;Y;
NTT_RISK_MODELLING;PyLinregStatsPen;deleted_date;TIMESTAMP(6);11;;6;Y;
NTT_RISK_MODELLING;PyLinregStatsPen;deleted_host;VARCHAR2;50;;;Y;
NTT_RISK_MODELLING;PyLinregVifDtlPen;pkid;NUMBER;22;19;0;N;NTT_RISK_MODELLING.PyLinregVifDtlPen_SEQ.NEXTVAL
NTT_RISK_MODELLING;PyLinregVifDtlPen;model_seq;NUMBER;22;19;0;Y;
NTT_RISK_MODELLING;PyLinregVifDtlPen;varname;VARCHAR2;255;;;Y;
NTT_RISK_MODELLING;PyLinregVifDtlPen;vifvalue;NUMBER;22;;;Y;0
NTT_RISK_MODELLING;PyLinregVifDtlPen;vif_threshold;NUMBER;22;;;Y;0
NTT_RISK_MODELLING;PyLinregVifDtlPen;final_result;NUMBER;22;10;0;Y;
NTT_RISK_MODELLING;PyLinregVifDtlPen;created_by;VARCHAR2;50;;;N;
NTT_RISK_MODELLING;PyLinregVifDtlPen;created_date;DATE;7;;;N;
NTT_RISK_MODELLING;PyLinregVifDtlPen;created_host;VARCHAR2;50;;;N;
NTT_RISK_MODELLING;PyLinregVifDtlPen;updated_by;VARCHAR2;50;;;Y;
NTT_RISK_MODELLING;PyLinregVifDtlPen;updated_date;DATE;7;;;Y;
NTT_RISK_MODELLING;PyLinregVifDtlPen;updated_host;VARCHAR2;50;;;Y;
NTT_RISK_MODELLING;PyLinregVifDtlPen;activity_code;VARCHAR2;255;;;Y;
NTT_RISK_MODELLING;PyLinregVifDtlPen;is_deleted;NUMBER;22;1;0;N;"0
"
NTT_RISK_MODELLING;PyLinregVifDtlPen;deleted_by;VARCHAR2;50;;;Y;
NTT_RISK_MODELLING;PyLinregVifDtlPen;deleted_date;TIMESTAMP(6);11;;6;Y;
NTT_RISK_MODELLING;PyLinregVifDtlPen;deleted_host;VARCHAR2;50;;;Y;
NTT_RISK_MODELLING;PyMeCleanedVariable;pkid;NUMBER;22;19;0;N;NTT_RISK_MODELLING.PyMeCleanedVariable_SEQ.NEXTVAL
NTT_RISK_MODELLING;PyMeCleanedVariable;activity_code;VARCHAR2;100;;;N;
NTT_RISK_MODELLING;PyMeCleanedVariable;me_periode;DATE;7;;;Y;
NTT_RISK_MODELLING;PyMeCleanedVariable;me_code;VARCHAR2;50;;;Y;
NTT_RISK_MODELLING;PyMeCleanedVariable;me_value;NUMBER;22;;;Y;0
NTT_RISK_MODELLING;PyMeCleanedVariable;created_by;VARCHAR2;36;;;N;
NTT_RISK_MODELLING;PyMeCleanedVariable;created_date;DATE;7;;;N;
NTT_RISK_MODELLING;PyMeCleanedVariable;created_host;VARCHAR2;36;;;N;
NTT_RISK_MODELLING;PyMeCleanedVariable;updated_by;VARCHAR2;36;;;Y;
NTT_RISK_MODELLING;PyMeCleanedVariable;updated_date;DATE;7;;;Y;
NTT_RISK_MODELLING;PyMeCleanedVariable;updated_host;VARCHAR2;30;;;Y;
NTT_RISK_MODELLING;PyMeCleanedVariable;period;DATE;7;;;Y;
NTT_RISK_MODELLING;PyMeCleanedVariable;derived_type;VARCHAR2;100;;;Y;
NTT_RISK_MODELLING;PyMeCleanedVariable;is_deleted;NUMBER;22;1;0;N;0
NTT_RISK_MODELLING;PyMeCleanedVariable;deleted_by;VARCHAR2;50;;;Y;
NTT_RISK_MODELLING;PyMeCleanedVariable;deleted_date;TIMESTAMP(6);11;;6;Y;
NTT_RISK_MODELLING;PyMeCleanedVariable;deleted_host;VARCHAR2;50;;;Y;
NTT_RISK_MODELLING;PyMeCleanedVariable;IsChecked;NUMBER;22;1;0;N;0
NTT_RISK_MODELLING;PyMeDerivedForecastTransform;pkid;NUMBER;22;19;0;N;"NTT_RISK_MODELLING.PyMeDerivedForecastTransform_SEQ.NEXTVAL
"
NTT_RISK_MODELLING;PyMeDerivedForecastTransform;activity_code;VARCHAR2;100;;;N;
NTT_RISK_MODELLING;PyMeDerivedForecastTransform;model_id;NUMBER;22;10;0;Y;
NTT_RISK_MODELLING;PyMeDerivedForecastTransform;me_periode;DATE;7;;;Y;
NTT_RISK_MODELLING;PyMeDerivedForecastTransform;me_code;VARCHAR2;50;;;Y;
NTT_RISK_MODELLING;PyMeDerivedForecastTransform;created_by;VARCHAR2;36;;;N;
NTT_RISK_MODELLING;PyMeDerivedForecastTransform;created_date;DATE;7;;;N;
NTT_RISK_MODELLING;PyMeDerivedForecastTransform;created_host;VARCHAR2;36;;;N;
NTT_RISK_MODELLING;PyMeDerivedForecastTransform;updated_by;VARCHAR2;36;;;Y;
NTT_RISK_MODELLING;PyMeDerivedForecastTransform;updated_date;DATE;7;;;Y;
NTT_RISK_MODELLING;PyMeDerivedForecastTransform;updated_host;VARCHAR2;30;;;Y;
NTT_RISK_MODELLING;PyMeDerivedForecastTransform;upside_me_value;NUMBER;22;;;Y;0
NTT_RISK_MODELLING;PyMeDerivedForecastTransform;downside_me_value;NUMBER;22;;;Y;0
NTT_RISK_MODELLING;PyMeDerivedForecastTransform;forecast_mev_type;VARCHAR2;255;;;Y;
NTT_RISK_MODELLING;PyMeDerivedForecastTransform;is_deleted;NUMBER;22;1;0;N;"0
"
NTT_RISK_MODELLING;PyMeDerivedForecastTransform;deleted_by;VARCHAR2;50;;;Y;
NTT_RISK_MODELLING;PyMeDerivedForecastTransform;deleted_date;TIMESTAMP(6);11;;6;Y;
NTT_RISK_MODELLING;PyMeDerivedForecastTransform;deleted_host;VARCHAR2;50;;;Y;
NTT_RISK_MODELLING;PyMeDerivedForecastTransform;IsChecked;NUMBER;22;1;0;N;"0
"
NTT_RISK_MODELLING;PyMeDerivedForecastTransform;me_value;NUMBER;22;;;Y;
NTT_RISK_MODELLING;PyMeDerivedForecastVariable;model_id;NUMBER;22;10;0;Y;
NTT_RISK_MODELLING;PyMeDerivedForecastVariable;me_code;VARCHAR2;255;;;Y;
NTT_RISK_MODELLING;PyMeDerivedForecastVariable;me_value;VARCHAR2;255;;;Y;
NTT_RISK_MODELLING;PyMeDerivedForecastVariable;pkid;NUMBER;22;19;0;N;"""NTT_RISK_MODELLING"".""ISEQ$$_109870"".nextval"
NTT_RISK_MODELLING;PyMeDerivedForecastVariable;activity_code;VARCHAR2;100;;;Y;
NTT_RISK_MODELLING;PyMeDerivedForecastVariable;created_by;VARCHAR2;36;;;N;
NTT_RISK_MODELLING;PyMeDerivedForecastVariable;created_date;DATE;7;;;N;
NTT_RISK_MODELLING;PyMeDerivedForecastVariable;created_host;VARCHAR2;36;;;Y;
NTT_RISK_MODELLING;PyMeDerivedForecastVariable;updated_by;VARCHAR2;36;;;Y;
NTT_RISK_MODELLING;PyMeDerivedForecastVariable;updated_date;DATE;7;;;Y;
NTT_RISK_MODELLING;PyMeDerivedForecastVariable;updated_host;VARCHAR2;36;;;Y;
NTT_RISK_MODELLING;PyMeDerivedForecastVariable;me_periode;DATE;7;;;Y;
NTT_RISK_MODELLING;PyMeDerivedForecastVariable;is_deleted;NUMBER;22;1;0;N;0
NTT_RISK_MODELLING;PyMeDerivedForecastVariable;deleted_by;VARCHAR2;50;;;Y;
NTT_RISK_MODELLING;PyMeDerivedForecastVariable;deleted_date;TIMESTAMP(6);11;;6;Y;
NTT_RISK_MODELLING;PyMeDerivedForecastVariable;deleted_host;VARCHAR2;50;;;Y;
NTT_RISK_MODELLING;PyMeDerivedVariable;model_id;NUMBER;22;10;0;Y;
NTT_RISK_MODELLING;PyMeDerivedVariable;me_code;VARCHAR2;255;;;Y;
NTT_RISK_MODELLING;PyMeDerivedVariable;me_value;NUMBER;22;;;Y;
NTT_RISK_MODELLING;PyMeDerivedVariable;pkid;NUMBER;22;19;0;N;"""NTT_RISK_MODELLING"".""ISEQ$$_109872"".nextval"
NTT_RISK_MODELLING;PyMeDerivedVariable;activity_code;VARCHAR2;100;;;Y;
NTT_RISK_MODELLING;PyMeDerivedVariable;created_by;VARCHAR2;36;;;N;
NTT_RISK_MODELLING;PyMeDerivedVariable;created_date;DATE;7;;;N;
NTT_RISK_MODELLING;PyMeDerivedVariable;created_host;VARCHAR2;36;;;Y;
NTT_RISK_MODELLING;PyMeDerivedVariable;updated_by;VARCHAR2;36;;;Y;
NTT_RISK_MODELLING;PyMeDerivedVariable;updated_date;DATE;7;;;Y;
NTT_RISK_MODELLING;PyMeDerivedVariable;updated_host;VARCHAR2;36;;;Y;
NTT_RISK_MODELLING;PyMeDerivedVariable;me_periode;DATE;7;;;Y;
NTT_RISK_MODELLING;PyMeDerivedVariable;is_deleted;NUMBER;22;1;0;N;0
NTT_RISK_MODELLING;PyMeDerivedVariable;deleted_by;VARCHAR2;50;;;Y;
NTT_RISK_MODELLING;PyMeDerivedVariable;deleted_date;TIMESTAMP(6);11;;6;Y;
NTT_RISK_MODELLING;PyMeDerivedVariable;deleted_host;VARCHAR2;50;;;Y;
NTT_RISK_MODELLING;PyMeDerivedVariable;IsChecked;NUMBER;22;1;0;N;"0
   "
NTT_RISK_MODELLING;PyMeForecastVariable;pkid;NUMBER;22;19;0;N;"NTT_RISK_MODELLING.PyMeForecastVariable_SEQ.NEXTVAL
"
NTT_RISK_MODELLING;PyMeForecastVariable;activity_code;VARCHAR2;100;;;N;
NTT_RISK_MODELLING;PyMeForecastVariable;me_periode;DATE;7;;;Y;
NTT_RISK_MODELLING;PyMeForecastVariable;me_code;VARCHAR2;50;;;Y;
NTT_RISK_MODELLING;PyMeForecastVariable;me_value;NUMBER;22;;;Y;0
NTT_RISK_MODELLING;PyMeForecastVariable;created_by;VARCHAR2;36;;;N;
NTT_RISK_MODELLING;PyMeForecastVariable;created_date;DATE;7;;;N;
NTT_RISK_MODELLING;PyMeForecastVariable;created_host;VARCHAR2;36;;;N;
NTT_RISK_MODELLING;PyMeForecastVariable;updated_by;VARCHAR2;36;;;Y;
NTT_RISK_MODELLING;PyMeForecastVariable;updated_date;DATE;7;;;Y;
NTT_RISK_MODELLING;PyMeForecastVariable;updated_host;VARCHAR2;30;;;Y;
NTT_RISK_MODELLING;PyMeForecastVariable;period;DATE;7;;;Y;
NTT_RISK_MODELLING;PyMeForecastVariable;derived_type;VARCHAR2;100;;;Y;
NTT_RISK_MODELLING;PyMeForecastVariable;is_deleted;NUMBER;22;1;0;N;"0
"
NTT_RISK_MODELLING;PyMeForecastVariable;deleted_by;VARCHAR2;50;;;Y;
NTT_RISK_MODELLING;PyMeForecastVariable;deleted_date;TIMESTAMP(6);11;;6;Y;
NTT_RISK_MODELLING;PyMeForecastVariable;deleted_host;VARCHAR2;50;;;Y;
NTT_RISK_MODELLING;PyMeForecastVariable;IsChecked;NUMBER;22;1;0;N;"0
"
NTT_RISK_MODELLING;PyMeForecastVariable;lower_95;NUMBER;22;;;Y;
NTT_RISK_MODELLING;PyMeForecastVariable;upper_95;NUMBER;22;;;Y;
NTT_RISK_MODELLING;PyMeForecastVariable;q1;NUMBER;22;;;Y;
NTT_RISK_MODELLING;PyMeForecastVariable;q3;NUMBER;22;;;Y;
NTT_RISK_MODELLING;PyMeForecastVariable;mape;NUMBER;22;;;Y;
NTT_RISK_MODELLING;PyMeForecastVariable;forecast_mev_type;VARCHAR2;100;;;Y;
NTT_RISK_MODELLING;PyMeModelScenarioPen;pkid;NUMBER;22;19;0;N;
NTT_RISK_MODELLING;PyMeModelScenarioPen;model_id;NUMBER;22;19;0;N;
NTT_RISK_MODELLING;PyMeModelScenarioPen;model_seq;NUMBER;22;;;Y;
NTT_RISK_MODELLING;PyMeModelScenarioPen;model_formula;VARCHAR2;255;;;Y;
NTT_RISK_MODELLING;PyMeModelScenarioPen;passed_flag;VARCHAR2;255;;;N;
NTT_RISK_MODELLING;PyMeModelScenarioPen;created_by;VARCHAR2;50;;;N;
NTT_RISK_MODELLING;PyMeModelScenarioPen;created_date;DATE;7;;;N;
NTT_RISK_MODELLING;PyMeModelScenarioPen;created_host;VARCHAR2;50;;;N;
NTT_RISK_MODELLING;PyMeModelScenarioPen;updated_by;VARCHAR2;50;;;Y;
NTT_RISK_MODELLING;PyMeModelScenarioPen;updated_date;DATE;7;;;Y;
NTT_RISK_MODELLING;PyMeModelScenarioPen;updated_host;VARCHAR2;50;;;Y;
NTT_RISK_MODELLING;PyMeModelScenarioPen;is_deleted;NUMBER;22;1;0;N;0
NTT_RISK_MODELLING;PyMeModelScenarioPen;deleted_by;VARCHAR2;50;;;Y;
NTT_RISK_MODELLING;PyMeModelScenarioPen;deleted_date;TIMESTAMP(6);11;;6;Y;
NTT_RISK_MODELLING;PyMeModelScenarioPen;deleted_host;VARCHAR2;50;;;Y;
NTT_RISK_MODELLING;PyMeStandardizedVariable;pkid;NUMBER;22;19;0;N;NTT_RISK_MODELLING.PyMeStandardizedVariable_SEQ.NEXTVAL
NTT_RISK_MODELLING;PyMeStandardizedVariable;activity_code;VARCHAR2;100;;;N;
NTT_RISK_MODELLING;PyMeStandardizedVariable;me_periode;DATE;7;;;Y;
NTT_RISK_MODELLING;PyMeStandardizedVariable;me_code;VARCHAR2;50;;;Y;
NTT_RISK_MODELLING;PyMeStandardizedVariable;me_value;NUMBER;22;;;Y;0
NTT_RISK_MODELLING;PyMeStandardizedVariable;created_by;VARCHAR2;36;;;N;
NTT_RISK_MODELLING;PyMeStandardizedVariable;created_date;DATE;7;;;N;
NTT_RISK_MODELLING;PyMeStandardizedVariable;created_host;VARCHAR2;36;;;N;
NTT_RISK_MODELLING;PyMeStandardizedVariable;updated_by;VARCHAR2;36;;;Y;
NTT_RISK_MODELLING;PyMeStandardizedVariable;updated_date;DATE;7;;;Y;
NTT_RISK_MODELLING;PyMeStandardizedVariable;updated_host;VARCHAR2;30;;;Y;
NTT_RISK_MODELLING;PyMeStandardizedVariable;period;DATE;7;;;Y;
NTT_RISK_MODELLING;PyMeStandardizedVariable;derived_type;VARCHAR2;100;;;Y;
NTT_RISK_MODELLING;PyMeStandardizedVariable;is_deleted;NUMBER;22;1;0;N;0
NTT_RISK_MODELLING;PyMeStandardizedVariable;deleted_by;VARCHAR2;50;;;Y;
NTT_RISK_MODELLING;PyMeStandardizedVariable;deleted_date;TIMESTAMP(6);11;;6;Y;
NTT_RISK_MODELLING;PyMeStandardizedVariable;deleted_host;VARCHAR2;50;;;Y;
NTT_RISK_MODELLING;PyMeStandardizedVariable;IsChecked;NUMBER;22;1;0;N;0
NTT_RISK_MODELLING;PyMevCombination;pkid;NUMBER;22;19;0;N;"""NTT_RISK_MODELLING"".""ISEQ$$_109880"".nextval"
NTT_RISK_MODELLING;PyMevCombination;model_id;NUMBER;22;10;0;Y;
NTT_RISK_MODELLING;PyMevCombination;model_seq;NUMBER;22;10;0;Y;
NTT_RISK_MODELLING;PyMevCombination;combination;VARCHAR2;100;;;Y;
NTT_RISK_MODELLING;PyMevCombination;activity_code;VARCHAR2;255;;;Y;
NTT_RISK_MODELLING;PyMevCombination;created_by;VARCHAR2;50;;;N;
NTT_RISK_MODELLING;PyMevCombination;created_date;DATE;7;;;N;
NTT_RISK_MODELLING;PyMevCombination;created_host;VARCHAR2;50;;;N;
NTT_RISK_MODELLING;PyMevCombination;updated_by;VARCHAR2;50;;;Y;
NTT_RISK_MODELLING;PyMevCombination;updated_date;DATE;7;;;Y;
NTT_RISK_MODELLING;PyMevCombination;updated_host;VARCHAR2;50;;;Y;
NTT_RISK_MODELLING;PyMevCombination;number_of_combination;NUMBER;22;19;0;Y;
NTT_RISK_MODELLING;PyMevCombination;is_deleted;NUMBER;22;1;0;N;0
NTT_RISK_MODELLING;PyMevCombination;deleted_by;VARCHAR2;50;;;Y;
NTT_RISK_MODELLING;PyMevCombination;deleted_date;TIMESTAMP(6);11;;6;Y;
NTT_RISK_MODELLING;PyMevCombination;deleted_host;VARCHAR2;50;;;Y;
NTT_RISK_MODELLING;PyMevCombination;IsChecked;NUMBER;22;1;0;N;"0
   "
NTT_RISK_MODELLING;PyModelCoefficient;pkid;NUMBER;22;19;0;N;NTT_RISK_MODELLING.PyModelCoefficient_SEQ.NEXTVAL
NTT_RISK_MODELLING;PyModelCoefficient;activity_code;VARCHAR2;100;;;N;
NTT_RISK_MODELLING;PyModelCoefficient;model_seq;NUMBER;22;19;0;Y;
NTT_RISK_MODELLING;PyModelCoefficient;coeff_name;VARCHAR2;255;;;Y;
NTT_RISK_MODELLING;PyModelCoefficient;estimate_val;NUMBER;22;;;Y;0
NTT_RISK_MODELLING;PyModelCoefficient;std_error;NUMBER;22;;;Y;0
NTT_RISK_MODELLING;PyModelCoefficient;t_value;NUMBER;22;;;Y;0
NTT_RISK_MODELLING;PyModelCoefficient;p_value;NUMBER;22;;;Y;0
NTT_RISK_MODELLING;PyModelCoefficient;sig_flag;VARCHAR2;255;;;Y;
NTT_RISK_MODELLING;PyModelCoefficient;sig_level;VARCHAR2;255;;;Y;
NTT_RISK_MODELLING;PyModelCoefficient;created_by;VARCHAR2;36;;;N;
NTT_RISK_MODELLING;PyModelCoefficient;created_date;DATE;7;;;N;
NTT_RISK_MODELLING;PyModelCoefficient;created_host;VARCHAR2;36;;;N;
NTT_RISK_MODELLING;PyModelCoefficient;updated_by;VARCHAR2;36;;;Y;
NTT_RISK_MODELLING;PyModelCoefficient;updated_date;DATE;7;;;Y;
NTT_RISK_MODELLING;PyModelCoefficient;updated_host;VARCHAR2;30;;;Y;
NTT_RISK_MODELLING;PyModelCoefficient;is_deleted;NUMBER;22;1;0;N;0
NTT_RISK_MODELLING;PyModelCoefficient;deleted_by;VARCHAR2;50;;;Y;
NTT_RISK_MODELLING;PyModelCoefficient;deleted_date;TIMESTAMP(6);11;;6;Y;
NTT_RISK_MODELLING;PyModelCoefficient;deleted_host;VARCHAR2;50;;;Y;
NTT_RISK_MODELLING;PyModelCoefficient;IsChecked;NUMBER;22;1;0;N;0
NTT_RISK_MODELLING;PyModelDetail;pkid;NUMBER;22;19;0;N;
NTT_RISK_MODELLING;PyModelDetail;activity_code;VARCHAR2;100;;;N;
NTT_RISK_MODELLING;PyModelDetail;model_seq;NUMBER;22;19;0;Y;
NTT_RISK_MODELLING;PyModelDetail;residual_std_err;NUMBER;22;;;Y;
NTT_RISK_MODELLING;PyModelDetail;deg_of_freedom;NUMBER;22;19;0;Y;
NTT_RISK_MODELLING;PyModelDetail;mult_r_squared;NUMBER;22;;;Y;
NTT_RISK_MODELLING;PyModelDetail;adj_r_squared;NUMBER;22;;;Y;
NTT_RISK_MODELLING;PyModelDetail;f_statistic;NUMBER;22;;;Y;
NTT_RISK_MODELLING;PyModelDetail;p_value;NUMBER;22;;;Y;
NTT_RISK_MODELLING;PyModelDetail;residual_min;NUMBER;22;;;Y;
NTT_RISK_MODELLING;PyModelDetail;residual_1q;NUMBER;22;;;Y;
NTT_RISK_MODELLING;PyModelDetail;residual_median;NUMBER;22;;;Y;
NTT_RISK_MODELLING;PyModelDetail;residual_3q;NUMBER;22;;;Y;
NTT_RISK_MODELLING;PyModelDetail;residual_max;NUMBER;22;;;Y;
NTT_RISK_MODELLING;PyModelDetail;df_regr;NUMBER;22;19;0;Y;
NTT_RISK_MODELLING;PyModelDetail;df_resd;NUMBER;22;19;0;Y;
NTT_RISK_MODELLING;PyModelDetail;df_total;NUMBER;22;19;0;Y;
NTT_RISK_MODELLING;PyModelDetail;sum_of_sqr_regr;NUMBER;22;;;Y;
NTT_RISK_MODELLING;PyModelDetail;sum_of_sqr_resd;NUMBER;22;;;Y;
NTT_RISK_MODELLING;PyModelDetail;sum_of_sqr_total;NUMBER;22;;;Y;
NTT_RISK_MODELLING;PyModelDetail;mean_sum_of_sqr_regr;NUMBER;22;;;Y;
NTT_RISK_MODELLING;PyModelDetail;mean_sum_of_sqr_resd;NUMBER;22;;;Y;
NTT_RISK_MODELLING;PyModelDetail;created_by;VARCHAR2;36;;;N;
NTT_RISK_MODELLING;PyModelDetail;created_date;DATE;7;;;N;
NTT_RISK_MODELLING;PyModelDetail;created_host;VARCHAR2;36;;;N;
NTT_RISK_MODELLING;PyModelDetail;updated_by;VARCHAR2;36;;;Y;
NTT_RISK_MODELLING;PyModelDetail;updated_date;DATE;7;;;Y;
NTT_RISK_MODELLING;PyModelDetail;updated_host;VARCHAR2;30;;;Y;
NTT_RISK_MODELLING;PyModelDetail;selected_flag;NUMBER;22;10;0;Y;
NTT_RISK_MODELLING;PyModelDetail;aic;NUMBER;22;;;Y;
NTT_RISK_MODELLING;PyModelDetail;bic;NUMBER;22;;;Y;
NTT_RISK_MODELLING;PyModelDetail;sic;NUMBER;22;;;Y;
NTT_RISK_MODELLING;PyModelDetail;is_deleted;NUMBER;22;1;0;N;0
NTT_RISK_MODELLING;PyModelDetail;deleted_by;VARCHAR2;50;;;Y;
NTT_RISK_MODELLING;PyModelDetail;deleted_date;TIMESTAMP(6);11;;6;Y;
NTT_RISK_MODELLING;PyModelDetail;deleted_host;VARCHAR2;50;;;Y;
NTT_RISK_MODELLING;PyModelFormula;pkid;NUMBER;22;19;0;N;
NTT_RISK_MODELLING;PyModelFormula;activity_code;VARCHAR2;100;;;N;
NTT_RISK_MODELLING;PyModelFormula;model_seq;NUMBER;22;19;0;Y;
NTT_RISK_MODELLING;PyModelFormula;model_formula;VARCHAR2;4000;;;Y;
NTT_RISK_MODELLING;PyModelFormula;passed_flag;NUMBER;22;;;N;
NTT_RISK_MODELLING;PyModelFormula;created_by;VARCHAR2;36;;;N;
NTT_RISK_MODELLING;PyModelFormula;created_date;DATE;7;;;N;
NTT_RISK_MODELLING;PyModelFormula;created_host;VARCHAR2;36;;;N;
NTT_RISK_MODELLING;PyModelFormula;updated_by;VARCHAR2;36;;;Y;
NTT_RISK_MODELLING;PyModelFormula;updated_date;DATE;7;;;Y;
NTT_RISK_MODELLING;PyModelFormula;updated_host;VARCHAR2;30;;;Y;
NTT_RISK_MODELLING;PyModelFormula;apply_logit_flag;NUMBER;22;10;0;Y;
NTT_RISK_MODELLING;PyModelFormula;is_deleted;NUMBER;22;1;0;N;0
NTT_RISK_MODELLING;PyModelFormula;deleted_by;VARCHAR2;50;;;Y;
NTT_RISK_MODELLING;PyModelFormula;deleted_date;TIMESTAMP(6);11;;6;Y;
NTT_RISK_MODELLING;PyModelFormula;deleted_host;VARCHAR2;50;;;Y;
NTT_RISK_MODELLING;PyMultLinearRegrCoefPen;pkid;NUMBER;22;19;0;N;
NTT_RISK_MODELLING;PyMultLinearRegrCoefPen;model_id;NUMBER;22;19;0;N;
NTT_RISK_MODELLING;PyMultLinearRegrCoefPen;model_seq;NUMBER;22;19;0;Y;
NTT_RISK_MODELLING;PyMultLinearRegrCoefPen;coeff_name;VARCHAR2;255;;;Y;
NTT_RISK_MODELLING;PyMultLinearRegrCoefPen;estimate_val;NUMBER;22;;;Y;
NTT_RISK_MODELLING;PyMultLinearRegrCoefPen;std_error;NUMBER;22;;;Y;
NTT_RISK_MODELLING;PyMultLinearRegrCoefPen;t_value;NUMBER;22;;;Y;
NTT_RISK_MODELLING;PyMultLinearRegrCoefPen;p_value;NUMBER;22;;;Y;
NTT_RISK_MODELLING;PyMultLinearRegrCoefPen;created_by;VARCHAR2;50;;;N;
NTT_RISK_MODELLING;PyMultLinearRegrCoefPen;created_date;DATE;7;;;N;
NTT_RISK_MODELLING;PyMultLinearRegrCoefPen;created_host;VARCHAR2;50;;;N;
NTT_RISK_MODELLING;PyMultLinearRegrCoefPen;updated_by;VARCHAR2;50;;;Y;
NTT_RISK_MODELLING;PyMultLinearRegrCoefPen;updated_date;DATE;7;;;Y;
NTT_RISK_MODELLING;PyMultLinearRegrCoefPen;updated_host;VARCHAR2;50;;;Y;
NTT_RISK_MODELLING;PyMultLinearRegrCoefPen;is_deleted;NUMBER;22;1;0;N;0
NTT_RISK_MODELLING;PyMultLinearRegrCoefPen;deleted_by;VARCHAR2;50;;;Y;
NTT_RISK_MODELLING;PyMultLinearRegrCoefPen;deleted_date;TIMESTAMP(6);11;;6;Y;
NTT_RISK_MODELLING;PyMultLinearRegrCoefPen;deleted_host;VARCHAR2;50;;;Y;
NTT_RISK_MODELLING;PyMultLinearRegrResultPen;pkid;NUMBER;22;19;0;N;NTT_RISK_MODELLING.PyMultLinearRegrResultPen_SEQ.NEXTVAL
NTT_RISK_MODELLING;PyMultLinearRegrResultPen;model_seq;NUMBER;22;19;0;Y;
NTT_RISK_MODELLING;PyMultLinearRegrResultPen;residual_std_err;NUMBER;22;;;Y;0
NTT_RISK_MODELLING;PyMultLinearRegrResultPen;deg_of_freedom;NUMBER;22;19;0;Y;
NTT_RISK_MODELLING;PyMultLinearRegrResultPen;mult_r_squared;NUMBER;22;;;Y;0
NTT_RISK_MODELLING;PyMultLinearRegrResultPen;adj_r_squared;NUMBER;22;;;Y;0
NTT_RISK_MODELLING;PyMultLinearRegrResultPen;f_statistic;NUMBER;22;;;Y;0
NTT_RISK_MODELLING;PyMultLinearRegrResultPen;p_value;NUMBER;22;;;Y;0
NTT_RISK_MODELLING;PyMultLinearRegrResultPen;residual_min;NUMBER;22;;;Y;0
NTT_RISK_MODELLING;PyMultLinearRegrResultPen;residual_1q;NUMBER;22;;;Y;0
NTT_RISK_MODELLING;PyMultLinearRegrResultPen;residual_median;NUMBER;22;;;Y;0
NTT_RISK_MODELLING;PyMultLinearRegrResultPen;residual_3q;NUMBER;22;;;Y;0
NTT_RISK_MODELLING;PyMultLinearRegrResultPen;residual_max;NUMBER;22;;;Y;0
NTT_RISK_MODELLING;PyMultLinearRegrResultPen;df_regr;NUMBER;22;19;0;Y;
NTT_RISK_MODELLING;PyMultLinearRegrResultPen;df_resd;NUMBER;22;19;0;Y;
NTT_RISK_MODELLING;PyMultLinearRegrResultPen;df_total;NUMBER;22;19;0;Y;
NTT_RISK_MODELLING;PyMultLinearRegrResultPen;sum_of_sqr_regr;NUMBER;22;;;Y;0
NTT_RISK_MODELLING;PyMultLinearRegrResultPen;sum_of_sqr_resd;NUMBER;22;;;Y;0
NTT_RISK_MODELLING;PyMultLinearRegrResultPen;sum_of_sqr_total;NUMBER;22;;;Y;0
NTT_RISK_MODELLING;PyMultLinearRegrResultPen;mean_sum_of_sqr_regr;NUMBER;22;;;Y;0
NTT_RISK_MODELLING;PyMultLinearRegrResultPen;mean_sum_of_sqr_resd;NUMBER;22;;;Y;0
NTT_RISK_MODELLING;PyMultLinearRegrResultPen;selected_flag;VARCHAR2;255;;;Y;
NTT_RISK_MODELLING;PyMultLinearRegrResultPen;aic;NUMBER;22;;;Y;0
NTT_RISK_MODELLING;PyMultLinearRegrResultPen;bic;NUMBER;22;;;Y;0
NTT_RISK_MODELLING;PyMultLinearRegrResultPen;sic;NUMBER;22;;;Y;0
NTT_RISK_MODELLING;PyMultLinearRegrResultPen;model_formula;VARCHAR2;255;;;N;
NTT_RISK_MODELLING;PyMultLinearRegrResultPen;status;VARCHAR2;255;;;N;
NTT_RISK_MODELLING;PyMultLinearRegrResultPen;created_by;VARCHAR2;50;;;N;
NTT_RISK_MODELLING;PyMultLinearRegrResultPen;created_date;DATE;7;;;N;
NTT_RISK_MODELLING;PyMultLinearRegrResultPen;created_host;VARCHAR2;50;;;N;
NTT_RISK_MODELLING;PyMultLinearRegrResultPen;updated_by;VARCHAR2;50;;;Y;
NTT_RISK_MODELLING;PyMultLinearRegrResultPen;updated_date;DATE;7;;;Y;
NTT_RISK_MODELLING;PyMultLinearRegrResultPen;updated_host;VARCHAR2;50;;;Y;
NTT_RISK_MODELLING;PyMultLinearRegrResultPen;activity_code;VARCHAR2;100;;;Y;
NTT_RISK_MODELLING;PyMultLinearRegrResultPen;selected_model_seq;NUMBER;22;19;0;Y;
NTT_RISK_MODELLING;PyMultLinearRegrResultPen;apply_logit_flag;NUMBER;22;19;0;Y;
NTT_RISK_MODELLING;PyMultLinearRegrResultPen;best_model;NUMBER;22;1;0;N;0
NTT_RISK_MODELLING;PyMultLinearRegrResultPen;reason;VARCHAR2;255;;;Y;
NTT_RISK_MODELLING;PyMultLinearRegrResultPen;ols_pass_count;NUMBER;22;1;0;N;0
NTT_RISK_MODELLING;PyMultLinearRegrResultPen;is_deleted;NUMBER;22;1;0;N;0
NTT_RISK_MODELLING;PyMultLinearRegrResultPen;deleted_by;VARCHAR2;50;;;Y;
NTT_RISK_MODELLING;PyMultLinearRegrResultPen;deleted_date;TIMESTAMP(6);11;;6;Y;
NTT_RISK_MODELLING;PyMultLinearRegrResultPen;deleted_host;VARCHAR2;50;;;Y;
NTT_RISK_MODELLING;PyMultLinearRegrResultPen;IsChecked;NUMBER;22;1;0;N;0
NTT_RISK_MODELLING;PyMultLinearRegrResultPen;r_squared;NUMBER;22;;;Y;
NTT_RISK_MODELLING;PyMultLinearRegrResultPen;avg_pdrate_mape;NUMBER;22;;;Y;
NTT_RISK_MODELLING;PyMultLinearRegrResultPen;pdrate_mape;NUMBER;22;;;Y;
NTT_RISK_MODELLING;PyMultLinearRegrResultPen;avg_pdstd_mape;NUMBER;22;;;Y;
NTT_RISK_MODELLING;PyMultLinearRegrResultPen;pdstd_mape;NUMBER;22;;;Y;
NTT_RISK_MODELLING;PyMultLinearRegrResultPen;is_selected;NUMBER;22;1;0;N;0
NTT_RISK_MODELLING;PyMultLinearRegrResultPen;coefficient_variable_name_1;VARCHAR2;255;;;Y;
NTT_RISK_MODELLING;PyMultLinearRegrResultPen;coefficient_variable_1;NUMBER;22;;;Y;
NTT_RISK_MODELLING;PyMultLinearRegrResultPen;coefficient_variable_name_2;VARCHAR2;255;;;Y;
NTT_RISK_MODELLING;PyMultLinearRegrResultPen;coefficient_variable_2;NUMBER;22;;;Y;
NTT_RISK_MODELLING;PyMultLinearRegrResultPen;coefficient_variable_name_3;VARCHAR2;255;;;Y;
NTT_RISK_MODELLING;PyMultLinearRegrResultPen;coefficient_variable_3;NUMBER;22;;;Y;
NTT_RISK_MODELLING;PyMultLinearRegrResultPen;kolmogorov_smirnov;NUMBER;22;;;Y;
NTT_RISK_MODELLING;PyMultLinearRegrResultPen;lagrange_multiplier;NUMBER;22;;;Y;
NTT_RISK_MODELLING;PyMultLinearRegrResultPen;variance_inflation_factor;NUMBER;22;;;Y;
NTT_RISK_MODELLING;PyMultLinearRegrResultPen;anderson_darling;NUMBER;22;;;Y;
NTT_RISK_MODELLING;PyMultLinearRegrResultPen;breusch_pagan;NUMBER;22;;;Y;
NTT_RISK_MODELLING;PyMultLinearRegrResultPen;durbin_watson;NUMBER;22;;;Y;
NTT_RISK_MODELLING;PyMultLinearRegrResultPen;shapiro_wilk;NUMBER;22;;;Y;
NTT_RISK_MODELLING;PyMultLinearRegrResultPen;intercept_name;VARCHAR2;255;;;Y;
NTT_RISK_MODELLING;PyMultLinearRegrResultPen;intercept;NUMBER;22;;;Y;
NTT_RISK_MODELLING;PyMultLinearRegrResultPen;p_value_variable_1;NUMBER;22;;;Y;
NTT_RISK_MODELLING;PyMultLinearRegrResultPen;p_value_variable_2;NUMBER;22;;;Y;
NTT_RISK_MODELLING;PyMultLinearRegrResultPen;p_value_variable_3;NUMBER;22;;;Y;
NTT_RISK_MODELLING;PyMultLinearRegrResultPen;p_value_intercept;NUMBER;22;;;Y;
NTT_RISK_MODELLING;PyMultLinearRegrResultPen;jarque_bera;NUMBER;22;;;Y;
NTT_RISK_MODELLING;PyMultLinearRegrResultPen;breusch_godfrey;NUMBER;22;;;Y;
NTT_RISK_MODELLING;PyNormInverse;pkid;NUMBER;22;19;0;N;"""NTT_RISK_MODELLING"".""ISEQ$$_109892"".nextval"
NTT_RISK_MODELLING;PyNormInverse;activity_code;VARCHAR2;100;;;N;
NTT_RISK_MODELLING;PyNormInverse;download_date;DATE;7;;;Y;
NTT_RISK_MODELLING;PyNormInverse;pd_rule_id;VARCHAR2;100;;;Y;
NTT_RISK_MODELLING;PyNormInverse;bucket_from;NUMBER;22;10;0;Y;
NTT_RISK_MODELLING;PyNormInverse;bucket_to;NUMBER;22;10;0;Y;
NTT_RISK_MODELLING;PyNormInverse;created_by;VARCHAR2;36;;;N;'systems'
NTT_RISK_MODELLING;PyNormInverse;created_date;DATE;7;;;N;
NTT_RISK_MODELLING;PyNormInverse;created_host;VARCHAR2;36;;;N;'localhost'
NTT_RISK_MODELLING;PyNormInverse;updated_by;VARCHAR2;36;;;Y;
NTT_RISK_MODELLING;PyNormInverse;updated_date;DATE;7;;;Y;
NTT_RISK_MODELLING;PyNormInverse;updated_host;VARCHAR2;30;;;Y;
NTT_RISK_MODELLING;PyNormInverse;is_deleted;NUMBER;22;1;0;N;0
NTT_RISK_MODELLING;PyNormInverse;deleted_by;VARCHAR2;50;;;Y;
NTT_RISK_MODELLING;PyNormInverse;deleted_date;TIMESTAMP(6);11;;6;Y;
NTT_RISK_MODELLING;PyNormInverse;deleted_host;VARCHAR2;50;;;Y;
NTT_RISK_MODELLING;PyNormInverse;IsChecked;NUMBER;22;1;0;N;0
NTT_RISK_MODELLING;PyNormInverse;to_date;DATE;7;;;Y;
NTT_RISK_MODELLING;PyNormInverse;norm_inv;NUMBER;22;;;Y;
NTT_RISK_MODELLING;PyOdrForecast;pkid;NUMBER;22;19;0;N;
NTT_RISK_MODELLING;PyOdrForecast;activity_code;VARCHAR2;100;;;Y;
NTT_RISK_MODELLING;PyOdrForecast;period;DATE;7;;;Y;
NTT_RISK_MODELLING;PyOdrForecast;predicted_odr;NUMBER;22;;;Y;0
NTT_RISK_MODELLING;PyOdrForecast;created_by;VARCHAR2;50;;;N;
NTT_RISK_MODELLING;PyOdrForecast;created_date;DATE;7;;;N;
NTT_RISK_MODELLING;PyOdrForecast;created_host;VARCHAR2;50;;;N;
NTT_RISK_MODELLING;PyOdrForecast;updated_by;VARCHAR2;50;;;Y;
NTT_RISK_MODELLING;PyOdrForecast;updated_date;DATE;7;;;Y;
NTT_RISK_MODELLING;PyOdrForecast;updated_host;VARCHAR2;50;;;Y;
NTT_RISK_MODELLING;PyOdrForecast;predicted_logit_odr;NUMBER;22;;;Y;0
NTT_RISK_MODELLING;PyOdrForecast;model_sequence;NUMBER;22;19;0;Y;
NTT_RISK_MODELLING;PyOdrForecast;is_deleted;NUMBER;22;1;0;N;0
NTT_RISK_MODELLING;PyOdrForecast;deleted_by;VARCHAR2;50;;;Y;
NTT_RISK_MODELLING;PyOdrForecast;deleted_date;TIMESTAMP(6);11;;6;Y;
NTT_RISK_MODELLING;PyOdrForecast;deleted_host;VARCHAR2;50;;;Y;
NTT_RISK_MODELLING;PyOdrForecast;IsChecked;NUMBER;22;1;0;N;0
NTT_RISK_MODELLING;PyOdrForecast;forecast_mev_type;VARCHAR2;50;;;Y;
NTT_RISK_MODELLING;PyOdrForecast;is_selected;NUMBER;22;1;0;N;0 
NTT_RISK_MODELLING;PyOdrForecast;transform_odr_type;VARCHAR2;20;;;Y;
NTT_RISK_MODELLING;PyOdrForecast;best_model;NUMBER;22;1;0;N;0 
NTT_RISK_MODELLING;PyOdrForecast;model_formula;VARCHAR2;4000;;;Y;
NTT_RISK_MODELLING;PyOdrForecastBinomial;pkid;NUMBER;22;19;0;N;"""NTT_RISK_MODELLING"".""ISEQ$$_111852"".nextval"
NTT_RISK_MODELLING;PyOdrForecastBinomial;activity_code;VARCHAR2;100;;;Y;
NTT_RISK_MODELLING;PyOdrForecastBinomial;period;DATE;7;;;Y;
NTT_RISK_MODELLING;PyOdrForecastBinomial;created_by;VARCHAR2;50;;;N;
NTT_RISK_MODELLING;PyOdrForecastBinomial;created_date;DATE;7;;;N;
NTT_RISK_MODELLING;PyOdrForecastBinomial;created_host;VARCHAR2;50;;;N;
NTT_RISK_MODELLING;PyOdrForecastBinomial;updated_by;VARCHAR2;50;;;Y;
NTT_RISK_MODELLING;PyOdrForecastBinomial;updated_date;DATE;7;;;Y;
NTT_RISK_MODELLING;PyOdrForecastBinomial;updated_host;VARCHAR2;50;;;Y;
NTT_RISK_MODELLING;PyOdrForecastBinomial;type;VARCHAR2;50;;;Y;
NTT_RISK_MODELLING;PyOdrForecastBinomial;model_sequence;NUMBER;22;19;0;Y;
NTT_RISK_MODELLING;PyOdrForecastBinomial;is_deleted;NUMBER;22;1;0;N;0 
NTT_RISK_MODELLING;PyOdrForecastBinomial;deleted_by;VARCHAR2;50;;;Y;
NTT_RISK_MODELLING;PyOdrForecastBinomial;deleted_date;TIMESTAMP(6);11;;6;Y;
NTT_RISK_MODELLING;PyOdrForecastBinomial;deleted_host;VARCHAR2;50;;;Y;
NTT_RISK_MODELLING;PyOdrForecastBinomial;IsChecked;NUMBER;22;1;0;N;0 
NTT_RISK_MODELLING;PyOdrForecastBinomial;forecast_mev_type;VARCHAR2;50;;;Y;
NTT_RISK_MODELLING;PyOdrForecastBinomial;apply_binomial_flag;VARCHAR2;50;;;Y;
NTT_RISK_MODELLING;PyOdrForecastBinomial;adj_r_squared;NUMBER;22;;;Y;
NTT_RISK_MODELLING;PyOdrForecastBinomial;insample_mape;NUMBER;22;;;Y;
NTT_RISK_MODELLING;PyOdrForecastBinomial;model_formula;VARCHAR2;4000;;;Y;
NTT_RISK_MODELLING;PyOdrForecastBinomial;outsample_mape;NUMBER;22;;;Y;
NTT_RISK_MODELLING;PyOdrForecastBinomial;status;VARCHAR2;50;;;Y;
NTT_RISK_MODELLING;PyOdrForecastBinomial;transform_odr_type;VARCHAR2;20;;;Y;
NTT_RISK_MODELLING;PyOdrForecastBinomial;best_model;NUMBER;22;1;0;Y;
NTT_RISK_MODELLING;PyOdrForecastBinomial;predicted_odr;NUMBER;22;;;Y;
NTT_RISK_MODELLING;PyOdrForecastBinomial;is_selected;NUMBER;22;1;0;Y;
NTT_RISK_MODELLING;PyPdPit;pkid;NUMBER;22;19;0;N;"""NTT_RISK_MODELLING"".""ISEQ$$_109896"".nextval"
NTT_RISK_MODELLING;PyPdPit;activity_code;VARCHAR2;100;;;N;
NTT_RISK_MODELLING;PyPdPit;bucket_id;NUMBER;22;19;0;Y;
NTT_RISK_MODELLING;PyPdPit;fl_year;NUMBER;22;19;0;Y;
NTT_RISK_MODELLING;PyPdPit;pit;NUMBER;22;;;Y;
NTT_RISK_MODELLING;PyPdPit;base_date;DATE;7;;;Y;
NTT_RISK_MODELLING;PyPdPit;created_by;VARCHAR2;36;;;N;
NTT_RISK_MODELLING;PyPdPit;created_date;DATE;7;;;N;
NTT_RISK_MODELLING;PyPdPit;created_host;VARCHAR2;36;;;N;
NTT_RISK_MODELLING;PyPdPit;updated_by;VARCHAR2;36;;;Y;
NTT_RISK_MODELLING;PyPdPit;updated_date;DATE;7;;;Y;
NTT_RISK_MODELLING;PyPdPit;updated_host;VARCHAR2;30;;;Y;
NTT_RISK_MODELLING;PyPdPit;model_sequence;VARCHAR2;255;;;Y;
NTT_RISK_MODELLING;PyPdPit;is_deleted;NUMBER;22;1;0;N;0
NTT_RISK_MODELLING;PyPdPit;deleted_by;VARCHAR2;50;;;Y;
NTT_RISK_MODELLING;PyPdPit;deleted_date;TIMESTAMP(6);11;;6;Y;
NTT_RISK_MODELLING;PyPdPit;deleted_host;VARCHAR2;50;;;Y;
NTT_RISK_MODELLING;PyPdPit;IsChecked;NUMBER;22;1;0;N;"0
   "
NTT_RISK_MODELLING;PyRegressionStatus;pkid;NUMBER;22;19;0;N;"""NTT_RISK_MODELLING"".""ISEQ$$_113543"".nextval"
NTT_RISK_MODELLING;PyRegressionStatus;activity_code;VARCHAR2;100;;;Y;
NTT_RISK_MODELLING;PyRegressionStatus;regression_process;VARCHAR2;255;;;Y;
NTT_RISK_MODELLING;PyRegressionStatus;status;VARCHAR2;50;;;Y;
NTT_RISK_MODELLING;PyRegressionStatus;created_by;VARCHAR2;50;;;N;
NTT_RISK_MODELLING;PyRegressionStatus;created_date;DATE;7;;;N;SYSDATE 
NTT_RISK_MODELLING;PyRegressionStatus;created_host;VARCHAR2;50;;;Y;
NTT_RISK_MODELLING;PyRegressionStatus;updated_by;VARCHAR2;50;;;Y;
NTT_RISK_MODELLING;PyRegressionStatus;updated_date;DATE;7;;;Y;
NTT_RISK_MODELLING;PyRegressionStatus;updated_host;VARCHAR2;50;;;Y;
NTT_RISK_MODELLING;PyRegressionStatus;IsChecked;NUMBER;22;1;0;N;0 
NTT_RISK_MODELLING;PyRiskModelingProcess;process_name;VARCHAR2;4000;;;Y;
NTT_RISK_MODELLING;PyRiskModelingProcess;status;VARCHAR2;4000;;;Y;
NTT_RISK_MODELLING;PyRiskModelingProcess;pkid;NUMBER;22;19;0;N;"""NTT_RISK_MODELLING"".""ISEQ$$_109898"".nextval"
NTT_RISK_MODELLING;PyRiskModelingProcess;model_id;NUMBER;22;10;0;Y;
NTT_RISK_MODELLING;PyRiskModelingProcess;is_deleted;NUMBER;22;1;0;N;0
NTT_RISK_MODELLING;PyRiskModelingProcess;deleted_by;VARCHAR2;50;;;Y;
NTT_RISK_MODELLING;PyRiskModelingProcess;deleted_date;TIMESTAMP(6);11;;6;Y;
NTT_RISK_MODELLING;PyRiskModelingProcess;deleted_host;VARCHAR2;50;;;Y;
NTT_RISK_MODELLING;PyScalingFactor;pkid;NUMBER;22;19;0;N;"""NTT_RISK_MODELLING"".""ISEQ$$_109900"".nextval"
NTT_RISK_MODELLING;PyScalingFactor;activity_code;VARCHAR2;100;;;N;
NTT_RISK_MODELLING;PyScalingFactor;fl_year;NUMBER;22;10;0;Y;
NTT_RISK_MODELLING;PyScalingFactor;period;DATE;7;;;Y;
NTT_RISK_MODELLING;PyScalingFactor;scaling_factor;NUMBER;22;;;Y;
NTT_RISK_MODELLING;PyScalingFactor;created_by;VARCHAR2;36;;;N;
NTT_RISK_MODELLING;PyScalingFactor;created_date;DATE;7;;;N;
NTT_RISK_MODELLING;PyScalingFactor;created_host;VARCHAR2;36;;;N;
NTT_RISK_MODELLING;PyScalingFactor;updated_by;VARCHAR2;36;;;Y;
NTT_RISK_MODELLING;PyScalingFactor;updated_date;DATE;7;;;Y;
NTT_RISK_MODELLING;PyScalingFactor;updated_host;VARCHAR2;30;;;Y;
NTT_RISK_MODELLING;PyScalingFactor;model_sequence;NUMBER;22;10;0;Y;
NTT_RISK_MODELLING;PyScalingFactor;is_deleted;NUMBER;22;1;0;N;0
NTT_RISK_MODELLING;PyScalingFactor;deleted_by;VARCHAR2;50;;;Y;
NTT_RISK_MODELLING;PyScalingFactor;deleted_date;TIMESTAMP(6);11;;6;Y;
NTT_RISK_MODELLING;PyScalingFactor;deleted_host;VARCHAR2;50;;;Y;
NTT_RISK_MODELLING;PyScalingFactor;IsChecked;NUMBER;22;1;0;N;"0
   "
NTT_RISK_MODELLING;PyTermStructure;pkid;NUMBER;22;19;0;N;"""NTT_RISK_MODELLING"".""ISEQ$$_109902"".nextval"
NTT_RISK_MODELLING;PyTermStructure;activity_code;VARCHAR2;255;;;Y;
NTT_RISK_MODELLING;PyTermStructure;base_date;DATE;7;;;Y;
NTT_RISK_MODELLING;PyTermStructure;bucket_id;VARCHAR2;255;;;Y;
NTT_RISK_MODELLING;PyTermStructure;fl_year;VARCHAR2;255;;;Y;
NTT_RISK_MODELLING;PyTermStructure;created_by;VARCHAR2;50;;;N;
NTT_RISK_MODELLING;PyTermStructure;created_date;DATE;7;;;N;
NTT_RISK_MODELLING;PyTermStructure;created_host;VARCHAR2;50;;;N;
NTT_RISK_MODELLING;PyTermStructure;updated_by;VARCHAR2;50;;;Y;
NTT_RISK_MODELLING;PyTermStructure;updated_date;DATE;7;;;Y;
NTT_RISK_MODELLING;PyTermStructure;updated_host;VARCHAR2;50;;;Y;
NTT_RISK_MODELLING;PyTermStructure;model_seq;VARCHAR2;255;;;Y;
NTT_RISK_MODELLING;PyTermStructure;is_deleted;NUMBER;22;1;0;N;0
NTT_RISK_MODELLING;PyTermStructure;deleted_by;VARCHAR2;50;;;Y;
NTT_RISK_MODELLING;PyTermStructure;deleted_date;TIMESTAMP(6);11;;6;Y;
NTT_RISK_MODELLING;PyTermStructure;deleted_host;VARCHAR2;50;;;Y;
NTT_RISK_MODELLING;PyTermStructure;IsChecked;NUMBER;22;1;0;N;0
NTT_RISK_MODELLING;PyTermStructure;pd;NUMBER;22;;;Y;
NTT_RISK_MODELLING;PyTermStructureBinomial;pkid;NUMBER;22;19;0;N;"""NTT_RISK_MODELLING"".""ISEQ$$_111684"".nextval"
NTT_RISK_MODELLING;PyTermStructureBinomial;activity_code;VARCHAR2;255;;;Y;
NTT_RISK_MODELLING;PyTermStructureBinomial;base_date;DATE;7;;;Y;
NTT_RISK_MODELLING;PyTermStructureBinomial;to_date;DATE;7;;;Y;
NTT_RISK_MODELLING;PyTermStructureBinomial;period;DATE;7;;;Y;
NTT_RISK_MODELLING;PyTermStructureBinomial;bucket_group;VARCHAR2;255;;;Y;
NTT_RISK_MODELLING;PyTermStructureBinomial;bucket_from;NUMBER;22;10;0;Y;
NTT_RISK_MODELLING;PyTermStructureBinomial;bucket_to;NUMBER;22;10;0;Y;
NTT_RISK_MODELLING;PyTermStructureBinomial;forecast_mev_type;VARCHAR2;255;;;Y;
NTT_RISK_MODELLING;PyTermStructureBinomial;created_by;VARCHAR2;50;;;N;'systems' 
NTT_RISK_MODELLING;PyTermStructureBinomial;created_date;TIMESTAMP(6);11;;6;N;CURRENT_TIMESTAMP 
NTT_RISK_MODELLING;PyTermStructureBinomial;created_host;VARCHAR2;36;;;N;'localhost' 
NTT_RISK_MODELLING;PyTermStructureBinomial;updated_by;VARCHAR2;50;;;Y;
NTT_RISK_MODELLING;PyTermStructureBinomial;updated_date;TIMESTAMP(6);11;;6;Y;
NTT_RISK_MODELLING;PyTermStructureBinomial;updated_host;VARCHAR2;50;;;Y;
NTT_RISK_MODELLING;PyTermStructureBinomial;is_deleted;NUMBER;22;1;0;N;0 
NTT_RISK_MODELLING;PyTermStructureBinomial;deleted_by;VARCHAR2;50;;;Y;
NTT_RISK_MODELLING;PyTermStructureBinomial;deleted_date;TIMESTAMP(6);11;;6;Y;
NTT_RISK_MODELLING;PyTermStructureBinomial;deleted_host;VARCHAR2;30;;;Y;
NTT_RISK_MODELLING;PyTermStructureBinomial;IsChecked;NUMBER;22;1;0;N;0 
NTT_RISK_MODELLING;PyTermStructureBinomial;mpd;NUMBER;22;;;Y;
NTT_RISK_MODELLING;PyTermStructureBinomial;year;NUMBER;22;;;Y;
NTT_RISK_MODELLING;PyTermStructureBinomial;pd_rule_id;NUMBER;22;38;0;Y;
NTT_RISK_MODELLING;PyTermStructureBinomial;model_formula;VARCHAR2;4000;;;Y;
NTT_RISK_MODELLING;PyTermStructureBinomial;best_model;NUMBER;22;1;0;Y;
NTT_RISK_MODELLING;PyTermStructureBinomial;model_seq;NUMBER;22;19;0;Y;
NTT_RISK_MODELLING;PyTermStructureBinomial;is_selected;NUMBER;22;1;0;Y;
NTT_RISK_MODELLING;PyTermStructureVasicek;pkid;NUMBER;22;19;0;N;"""NTT_RISK_MODELLING"".""ISEQ$$_119448"".nextval"
NTT_RISK_MODELLING;PyTermStructureVasicek;activity_code;VARCHAR2;100;;;Y;
NTT_RISK_MODELLING;PyTermStructureVasicek;period;DATE;7;;;Y;
NTT_RISK_MODELLING;PyTermStructureVasicek;year;NUMBER;22;;;Y;
NTT_RISK_MODELLING;PyTermStructureVasicek;rating;VARCHAR2;255;;;Y;
NTT_RISK_MODELLING;PyTermStructureVasicek;bucket_id;NUMBER;22;10;0;Y;
NTT_RISK_MODELLING;PyTermStructureVasicek;pit;NUMBER;22;;;Y;
NTT_RISK_MODELLING;PyTermStructureVasicek;mpd;NUMBER;22;;;Y;
NTT_RISK_MODELLING;PyTermStructureVasicek;cpd;NUMBER;22;;;Y;
NTT_RISK_MODELLING;PyTermStructureVasicek;forecast_mev_type;VARCHAR2;255;;;Y;
NTT_RISK_MODELLING;PyTermStructureVasicek;created_by;VARCHAR2;50;;;N;
NTT_RISK_MODELLING;PyTermStructureVasicek;created_date;DATE;7;;;N;
NTT_RISK_MODELLING;PyTermStructureVasicek;created_host;VARCHAR2;50;;;N;
NTT_RISK_MODELLING;PyTermStructureVasicek;updated_by;VARCHAR2;50;;;Y;
NTT_RISK_MODELLING;PyTermStructureVasicek;updated_date;DATE;7;;;Y;
NTT_RISK_MODELLING;PyTermStructureVasicek;updated_host;VARCHAR2;50;;;Y;
NTT_RISK_MODELLING;PyTermStructureVasicek;is_deleted;NUMBER;22;1;0;N;0 
NTT_RISK_MODELLING;PyTermStructureVasicek;deleted_by;VARCHAR2;50;;;Y;
NTT_RISK_MODELLING;PyTermStructureVasicek;deleted_date;TIMESTAMP(6);11;;6;Y;
NTT_RISK_MODELLING;PyTermStructureVasicek;deleted_host;VARCHAR2;50;;;Y;
NTT_RISK_MODELLING;PyTermStructureVasicek;IsChecked;NUMBER;22;1;0;N;0 
NTT_RISK_MODELLING;PyTermStructureVasicek;asset_corr;NUMBER;22;;;Y;
NTT_RISK_MODELLING;PyVarianceInflationDetail;pkid;NUMBER;22;19;0;N;
NTT_RISK_MODELLING;PyVarianceInflationDetail;activity_code;VARCHAR2;100;;;N;
NTT_RISK_MODELLING;PyVarianceInflationDetail;model_seq;NUMBER;22;19;0;Y;
NTT_RISK_MODELLING;PyVarianceInflationDetail;varname;VARCHAR2;255;;;Y;
NTT_RISK_MODELLING;PyVarianceInflationDetail;vifvalue;NUMBER;22;;;Y;
NTT_RISK_MODELLING;PyVarianceInflationDetail;created_by;VARCHAR2;36;;;N;
NTT_RISK_MODELLING;PyVarianceInflationDetail;created_date;DATE;7;;;N;
NTT_RISK_MODELLING;PyVarianceInflationDetail;created_host;VARCHAR2;36;;;N;
NTT_RISK_MODELLING;PyVarianceInflationDetail;updated_by;VARCHAR2;36;;;Y;
NTT_RISK_MODELLING;PyVarianceInflationDetail;updated_date;DATE;7;;;Y;
NTT_RISK_MODELLING;PyVarianceInflationDetail;updated_host;VARCHAR2;30;;;Y;
NTT_RISK_MODELLING;PyVarianceInflationDetail;vif_threshold;NUMBER;22;;;Y;
NTT_RISK_MODELLING;PyVarianceInflationDetail;final_result;NUMBER;22;10;0;Y;
NTT_RISK_MODELLING;PyVarianceInflationDetail;is_deleted;NUMBER;22;1;0;N;0
NTT_RISK_MODELLING;PyVarianceInflationDetail;deleted_by;VARCHAR2;50;;;Y;
NTT_RISK_MODELLING;PyVarianceInflationDetail;deleted_date;TIMESTAMP(6);11;;6;Y;
NTT_RISK_MODELLING;PyVarianceInflationDetail;deleted_host;VARCHAR2;50;;;Y;
NTT_RISK_MODELLING;PyWeightingScenarioInterpolasi;pkid;NUMBER;22;19;0;N;"""NTT_RISK_MODELLING"".""ISEQ$$_111855"".nextval"
NTT_RISK_MODELLING;PyWeightingScenarioInterpolasi;activity_code;VARCHAR2;255;;;Y;
NTT_RISK_MODELLING;PyWeightingScenarioInterpolasi;period;DATE;7;;;Y;
NTT_RISK_MODELLING;PyWeightingScenarioInterpolasi;month;NUMBER;22;10;0;Y;
NTT_RISK_MODELLING;PyWeightingScenarioInterpolasi;bucket;NUMBER;22;10;0;Y;
NTT_RISK_MODELLING;PyWeightingScenarioInterpolasi;weighted;NUMBER;22;;;Y;
NTT_RISK_MODELLING;PyWeightingScenarioInterpolasi;flag;VARCHAR2;255;;;Y;
NTT_RISK_MODELLING;PyWeightingScenarioInterpolasi;created_by;VARCHAR2;50;;;N;'systems' 
NTT_RISK_MODELLING;PyWeightingScenarioInterpolasi;created_date;TIMESTAMP(6);11;;6;N;CURRENT_TIMESTAMP 
NTT_RISK_MODELLING;PyWeightingScenarioInterpolasi;created_host;VARCHAR2;36;;;N;'localhost' 
NTT_RISK_MODELLING;PyWeightingScenarioInterpolasi;updated_by;VARCHAR2;50;;;Y;
NTT_RISK_MODELLING;PyWeightingScenarioInterpolasi;updated_date;TIMESTAMP(6);11;;6;Y;
NTT_RISK_MODELLING;PyWeightingScenarioInterpolasi;updated_host;VARCHAR2;50;;;Y;
NTT_RISK_MODELLING;PyWeightingScenarioInterpolasi;is_deleted;NUMBER;22;1;0;N;0 
NTT_RISK_MODELLING;PyWeightingScenarioInterpolasi;deleted_by;VARCHAR2;50;;;Y;
NTT_RISK_MODELLING;PyWeightingScenarioInterpolasi;deleted_date;TIMESTAMP(6);11;;6;Y;
NTT_RISK_MODELLING;PyWeightingScenarioInterpolasi;deleted_host;VARCHAR2;30;;;Y;
NTT_RISK_MODELLING;PyWeightingScenarioInterpolasi;IsChecked;NUMBER;22;1;0;N;0 
NTT_RISK_MODELLING;PyWeightingScenarioInterpolasi;year;NUMBER;22;38;0;Y;
NTT_RISK_MODELLING;PyWeightingScenarioInterpolasi;effective_date;DATE;7;;;Y;
NTT_RISK_MODELLING;PyWeightingScenarioInterpolasi;fl_seq;NUMBER;22;38;0;Y;
NTT_RISK_MODELLING;PyWeightingScenarioInterpolasi;is_selected;NUMBER;22;1;0;N;0 
NTT_RISK_MODELLING;PyWeightingScenarioInterpolasi;pd_rule_id;NUMBER;22;38;0;Y;
NTT_RISK_MODELLING;PyWeightingScenarioInterpolasi;workflow_header_draft_pkid;NUMBER;22;19;0;Y;
NTT_RISK_MODELLING;PyWeightingScenarioInterpolasi;model_formula;VARCHAR2;4000;;;Y;
NTT_RISK_MODELLING;PyWeightingScenarioInterpolasi;model_seq;NUMBER;22;19;0;Y;
NTT_RISK_MODELLING;PyWeightingScenarioInterpolasi;best_model;NUMBER;22;1;0;N;0 
NTT_RISK_MODELLING;PyWeightingScenarioInterpolasi;rating;VARCHAR2;100;;;Y;
NTT_RISK_MODELLING;QueryConfig;pkid;NUMBER;22;19;0;N;"""NTT_RISK_MODELLING"".""ISEQ$$_113546"".nextval"
NTT_RISK_MODELLING;QueryConfig;query_code;VARCHAR2;100;;;N;
NTT_RISK_MODELLING;QueryConfig;query_name;VARCHAR2;255;;;N;
NTT_RISK_MODELLING;QueryConfig;query_description;VARCHAR2;500;;;Y;
NTT_RISK_MODELLING;QueryConfig;db_provider;VARCHAR2;20;;;N;
NTT_RISK_MODELLING;QueryConfig;config_mode;VARCHAR2;20;;;N;'QUERY' 
NTT_RISK_MODELLING;QueryConfig;query_type;VARCHAR2;20;;;N;
NTT_RISK_MODELLING;QueryConfig;schema_name;VARCHAR2;100;;;Y;
NTT_RISK_MODELLING;QueryConfig;table_name;VARCHAR2;255;;;Y;
NTT_RISK_MODELLING;QueryConfig;table_alias;VARCHAR2;10;;;Y;
NTT_RISK_MODELLING;QueryConfig;select_columns;CLOB;4000;;;Y;
NTT_RISK_MODELLING;QueryConfig;join_clause;CLOB;4000;;;Y;
NTT_RISK_MODELLING;QueryConfig;base_where;VARCHAR2;500;;;Y;
NTT_RISK_MODELLING;QueryConfig;group_by;VARCHAR2;500;;;Y;
NTT_RISK_MODELLING;QueryConfig;query_text;CLOB;4000;;;Y;
NTT_RISK_MODELLING;QueryConfig;count_query;CLOB;4000;;;Y;
NTT_RISK_MODELLING;QueryConfig;is_paging_enabled;NUMBER;22;1;0;N;0 
NTT_RISK_MODELLING;QueryConfig;default_order_by;VARCHAR2;255;;;Y;
NTT_RISK_MODELLING;QueryConfig;paging_template;CLOB;4000;;;Y;
NTT_RISK_MODELLING;QueryConfig;entity_class_name;VARCHAR2;255;;;Y;
NTT_RISK_MODELLING;QueryConfig;is_active;NUMBER;22;1;0;N;1 
NTT_RISK_MODELLING;QueryConfig;created_by;VARCHAR2;50;;;N;
NTT_RISK_MODELLING;QueryConfig;created_date;DATE;7;;;N;
NTT_RISK_MODELLING;QueryConfig;created_host;VARCHAR2;50;;;N;
NTT_RISK_MODELLING;QueryConfig;updated_by;VARCHAR2;50;;;Y;
NTT_RISK_MODELLING;QueryConfig;updated_date;DATE;7;;;Y;
NTT_RISK_MODELLING;QueryConfig;updated_host;VARCHAR2;50;;;Y;
NTT_RISK_MODELLING;QueryConfig;is_deleted;NUMBER;22;1;0;N;0 
NTT_RISK_MODELLING;QueryConfig;deleted_by;VARCHAR2;50;;;Y;
NTT_RISK_MODELLING;QueryConfig;deleted_date;TIMESTAMP(6);11;;6;Y;
NTT_RISK_MODELLING;QueryConfig;deleted_host;VARCHAR2;50;;;Y;
NTT_RISK_MODELLING;QueryInsertColumnMapping;pkid;NUMBER;22;19;0;N;"""NTT_RISK_MODELLING"".""ISEQ$$_113559"".nextval"
NTT_RISK_MODELLING;QueryInsertColumnMapping;query_insert_config_id;NUMBER;22;19;0;N;
NTT_RISK_MODELLING;QueryInsertColumnMapping;source_column;VARCHAR2;200;;;Y;
NTT_RISK_MODELLING;QueryInsertColumnMapping;target_column;VARCHAR2;200;;;N;
NTT_RISK_MODELLING;QueryInsertColumnMapping;mapping_type;VARCHAR2;20;;;N;'DIRECT' 
NTT_RISK_MODELLING;QueryInsertColumnMapping;transform_expression;VARCHAR2;1000;;;Y;
NTT_RISK_MODELLING;QueryInsertColumnMapping;default_value;VARCHAR2;500;;;Y;
NTT_RISK_MODELLING;QueryInsertColumnMapping;sequence_name;VARCHAR2;200;;;Y;
NTT_RISK_MODELLING;QueryInsertColumnMapping;lookup_table;VARCHAR2;200;;;Y;
NTT_RISK_MODELLING;QueryInsertColumnMapping;lookup_key_column;VARCHAR2;200;;;Y;
NTT_RISK_MODELLING;QueryInsertColumnMapping;lookup_value_column;VARCHAR2;200;;;Y;
NTT_RISK_MODELLING;QueryInsertColumnMapping;target_db_type;VARCHAR2;20;;;Y;
NTT_RISK_MODELLING;QueryInsertColumnMapping;sequence_order;NUMBER;22;5;0;Y;0
NTT_RISK_MODELLING;QueryInsertColumnMapping;is_nullable;NUMBER;22;1;0;Y;1
NTT_RISK_MODELLING;QueryInsertColumnMapping;is_primary_key;NUMBER;22;1;0;Y;0
NTT_RISK_MODELLING;QueryInsertColumnMapping;is_active;NUMBER;22;1;0;N;1 
NTT_RISK_MODELLING;QueryInsertColumnMapping;created_by;VARCHAR2;50;;;N;
NTT_RISK_MODELLING;QueryInsertColumnMapping;created_date;DATE;7;;;N;
NTT_RISK_MODELLING;QueryInsertColumnMapping;created_host;VARCHAR2;50;;;N;
NTT_RISK_MODELLING;QueryInsertColumnMapping;updated_by;VARCHAR2;50;;;Y;
NTT_RISK_MODELLING;QueryInsertColumnMapping;updated_date;DATE;7;;;Y;
NTT_RISK_MODELLING;QueryInsertColumnMapping;updated_host;VARCHAR2;50;;;Y;
NTT_RISK_MODELLING;QueryInsertColumnMapping;is_deleted;NUMBER;22;1;0;N;0 
NTT_RISK_MODELLING;QueryInsertColumnMapping;deleted_by;VARCHAR2;50;;;Y;
NTT_RISK_MODELLING;QueryInsertColumnMapping;deleted_date;TIMESTAMP(6);11;;6;Y;
NTT_RISK_MODELLING;QueryInsertColumnMapping;deleted_host;VARCHAR2;50;;;Y;
NTT_RISK_MODELLING;QueryInsertConfig;pkid;NUMBER;22;19;0;N;"""NTT_RISK_MODELLING"".""ISEQ$$_113562"".nextval"
NTT_RISK_MODELLING;QueryInsertConfig;query_config_id;NUMBER;22;19;0;N;
NTT_RISK_MODELLING;QueryInsertConfig;target_schema;VARCHAR2;100;;;Y;
NTT_RISK_MODELLING;QueryInsertConfig;target_table;VARCHAR2;200;;;N;
NTT_RISK_MODELLING;QueryInsertConfig;insert_mode;VARCHAR2;20;;;N;'INSERT' 
NTT_RISK_MODELLING;QueryInsertConfig;conflict_columns;VARCHAR2;500;;;Y;
NTT_RISK_MODELLING;QueryInsertConfig;batch_size;NUMBER;22;10;0;Y;1000
NTT_RISK_MODELLING;QueryInsertConfig;db_provider;VARCHAR2;20;;;N;'ORACLE' 
NTT_RISK_MODELLING;QueryInsertConfig;description;VARCHAR2;500;;;Y;
NTT_RISK_MODELLING;QueryInsertConfig;is_active;NUMBER;22;1;0;N;1 
NTT_RISK_MODELLING;QueryInsertConfig;created_by;VARCHAR2;50;;;N;
NTT_RISK_MODELLING;QueryInsertConfig;created_date;DATE;7;;;N;
NTT_RISK_MODELLING;QueryInsertConfig;created_host;VARCHAR2;50;;;N;
NTT_RISK_MODELLING;QueryInsertConfig;updated_by;VARCHAR2;50;;;Y;
NTT_RISK_MODELLING;QueryInsertConfig;updated_date;DATE;7;;;Y;
NTT_RISK_MODELLING;QueryInsertConfig;updated_host;VARCHAR2;50;;;Y;
NTT_RISK_MODELLING;QueryInsertConfig;is_deleted;NUMBER;22;1;0;N;0 
NTT_RISK_MODELLING;QueryInsertConfig;deleted_by;VARCHAR2;50;;;Y;
NTT_RISK_MODELLING;QueryInsertConfig;deleted_date;TIMESTAMP(6);11;;6;Y;
NTT_RISK_MODELLING;QueryInsertConfig;deleted_host;VARCHAR2;50;;;Y;
NTT_RISK_MODELLING;QueryParameter;pkid;NUMBER;22;19;0;N;"""NTT_RISK_MODELLING"".""ISEQ$$_113565"".nextval"
NTT_RISK_MODELLING;QueryParameter;query_config_id;NUMBER;22;19;0;N;
NTT_RISK_MODELLING;QueryParameter;param_name;VARCHAR2;100;;;N;
NTT_RISK_MODELLING;QueryParameter;param_placeholder;VARCHAR2;100;;;N;
NTT_RISK_MODELLING;QueryParameter;source_property;VARCHAR2;100;;;N;
NTT_RISK_MODELLING;QueryParameter;param_db_type;VARCHAR2;50;;;N;
NTT_RISK_MODELLING;QueryParameter;where_template;VARCHAR2;500;;;Y;
NTT_RISK_MODELLING;QueryParameter;operator;VARCHAR2;20;;;Y;'EQUALS'
NTT_RISK_MODELLING;QueryParameter;target_column;VARCHAR2;100;;;Y;
NTT_RISK_MODELLING;QueryParameter;is_required;NUMBER;22;1;0;N;0 
NTT_RISK_MODELLING;QueryParameter;default_value;VARCHAR2;255;;;Y;
NTT_RISK_MODELLING;QueryParameter;transform_expression;VARCHAR2;500;;;Y;
NTT_RISK_MODELLING;QueryParameter;sequence_order;NUMBER;22;10;0;Y;0
NTT_RISK_MODELLING;QueryParameter;is_filter;NUMBER;22;1;0;N;1 
NTT_RISK_MODELLING;QueryParameter;is_active;NUMBER;22;1;0;N;1 
NTT_RISK_MODELLING;QueryParameter;created_by;VARCHAR2;50;;;N;
NTT_RISK_MODELLING;QueryParameter;created_date;DATE;7;;;N;
NTT_RISK_MODELLING;QueryParameter;created_host;VARCHAR2;50;;;N;
NTT_RISK_MODELLING;QueryParameter;updated_by;VARCHAR2;50;;;Y;
NTT_RISK_MODELLING;QueryParameter;updated_date;DATE;7;;;Y;
NTT_RISK_MODELLING;QueryParameter;updated_host;VARCHAR2;50;;;Y;
NTT_RISK_MODELLING;QueryParameter;is_deleted;NUMBER;22;1;0;N;0 
NTT_RISK_MODELLING;QueryParameter;deleted_by;VARCHAR2;50;;;Y;
NTT_RISK_MODELLING;QueryParameter;deleted_date;TIMESTAMP(6);11;;6;Y;
NTT_RISK_MODELLING;QueryParameter;deleted_host;VARCHAR2;50;;;Y;
NTT_RISK_MODELLING;ResultFileHeader;pkid;NUMBER;22;19;0;N;"""NTT_RISK_MODELLING"".""ISEQ$$_109908"".nextval"
NTT_RISK_MODELLING;ResultFileHeader;workflow_step_draft_pkid;NUMBER;22;19;0;N;
NTT_RISK_MODELLING;ResultFileHeader;workflow_step_pkid;NUMBER;22;19;0;N;
NTT_RISK_MODELLING;ResultFileHeader;workflow_header_pkid;NUMBER;22;19;0;N;
NTT_RISK_MODELLING;ResultFileHeader;forward_looking_pkid;NUMBER;22;19;0;N;
NTT_RISK_MODELLING;ResultFileHeader;type;VARCHAR2;20;;;N;
NTT_RISK_MODELLING;ResultFileHeader;created_by;VARCHAR2;50;;;N;
NTT_RISK_MODELLING;ResultFileHeader;created_date;DATE;7;;;N;
NTT_RISK_MODELLING;ResultFileHeader;created_host;VARCHAR2;50;;;N;'localhost'
NTT_RISK_MODELLING;ResultFileHeader;updated_by;VARCHAR2;50;;;Y;
NTT_RISK_MODELLING;ResultFileHeader;updated_date;DATE;7;;;Y;
NTT_RISK_MODELLING;ResultFileHeader;updated_host;VARCHAR2;50;;;Y;
NTT_RISK_MODELLING;ResultFileHeader;workflow_detail_pkid;NUMBER;22;19;0;N;
NTT_RISK_MODELLING;ResultFileHeader;workflow_detail_draft_pkid;NUMBER;22;19;0;Y;
NTT_RISK_MODELLING;ResultFileHeader;run_type;VARCHAR2;50;;;N;
NTT_RISK_MODELLING;ResultFileHeader;activity_code;VARCHAR2;50;;;Y;
NTT_RISK_MODELLING;ResultFileHeader;is_deleted;NUMBER;22;1;0;N;0
NTT_RISK_MODELLING;ResultFileHeader;deleted_by;VARCHAR2;50;;;Y;
NTT_RISK_MODELLING;ResultFileHeader;deleted_date;TIMESTAMP(6);11;;6;Y;
NTT_RISK_MODELLING;ResultFileHeader;deleted_host;VARCHAR2;50;;;Y;
NTT_RISK_MODELLING;StatsGatherLog;pkid;NUMBER;22;;;N;"""NTT_RISK_MODELLING"".""ISEQ$$_125480"".nextval"
NTT_RISK_MODELLING;StatsGatherLog;owner_name;VARCHAR2;128;;;Y;
NTT_RISK_MODELLING;StatsGatherLog;object_type;VARCHAR2;30;;;Y;
NTT_RISK_MODELLING;StatsGatherLog;table_name;VARCHAR2;128;;;Y;
NTT_RISK_MODELLING;StatsGatherLog;index_name;VARCHAR2;128;;;Y;
NTT_RISK_MODELLING;StatsGatherLog;partition_name;VARCHAR2;128;;;Y;
NTT_RISK_MODELLING;StatsGatherLog;subpartition_name;VARCHAR2;128;;;Y;
NTT_RISK_MODELLING;StatsGatherLog;tablespace_name;VARCHAR2;128;;;Y;
NTT_RISK_MODELLING;StatsGatherLog;num_rows;NUMBER;22;;;Y;
NTT_RISK_MODELLING;StatsGatherLog;table_num_rows;NUMBER;22;;;Y;
NTT_RISK_MODELLING;StatsGatherLog;index_num_rows;NUMBER;22;;;Y;
NTT_RISK_MODELLING;StatsGatherLog;inserts;NUMBER;22;;;Y;
NTT_RISK_MODELLING;StatsGatherLog;updates;NUMBER;22;;;Y;
NTT_RISK_MODELLING;StatsGatherLog;deletes;NUMBER;22;;;Y;
NTT_RISK_MODELLING;StatsGatherLog;modifications;NUMBER;22;;;Y;
NTT_RISK_MODELLING;StatsGatherLog;pct_changed;NUMBER;22;10;2;Y;
NTT_RISK_MODELLING;StatsGatherLog;status;VARCHAR2;50;;;Y;
NTT_RISK_MODELLING;StatsGatherLog;reason;VARCHAR2;100;;;Y;
NTT_RISK_MODELLING;StatsGatherLog;blevel;NUMBER;22;;;Y;
NTT_RISK_MODELLING;StatsGatherLog;leaf_blocks;NUMBER;22;;;Y;
NTT_RISK_MODELLING;StatsGatherLog;distinct_keys;NUMBER;22;;;Y;
NTT_RISK_MODELLING;StatsGatherLog;clustering_factor;NUMBER;22;;;Y;
NTT_RISK_MODELLING;StatsGatherLog;sql_text;VARCHAR2;4000;;;Y;
NTT_RISK_MODELLING;StatsGatherLog;error_message;VARCHAR2;4000;;;Y;
NTT_RISK_MODELLING;StatsGatherLog;created_date;TIMESTAMP(6);11;;6;N;SYSTIMESTAMP 
NTT_RISK_MODELLING;TableElementAliases;pkid;NUMBER;22;19;0;N;"""NTT_RISK_MODELLING"".""ISEQ$$_129716"".nextval"
NTT_RISK_MODELLING;TableElementAliases;mapping_tabel;VARCHAR2;1020;;;N;
NTT_RISK_MODELLING;TableElementAliases;type_element;VARCHAR2;1020;;;N;
NTT_RISK_MODELLING;TableElementAliases;table_alias;VARCHAR2;1020;;;N;
NTT_RISK_MODELLING;TableElementAliases;is_active;NUMBER;22;1;0;N;1 
NTT_RISK_MODELLING;TableElementAliases;created_by;VARCHAR2;200;;;Y;
NTT_RISK_MODELLING;TableElementAliases;created_date;DATE;7;;;N;SYSDATE 
NTT_RISK_MODELLING;TableElementAliases;created_host;VARCHAR2;200;;;N;'localhost' 
NTT_RISK_MODELLING;TableElementAliases;updated_by;VARCHAR2;200;;;Y;
NTT_RISK_MODELLING;TableElementAliases;updated_date;DATE;7;;;Y;
NTT_RISK_MODELLING;TableElementAliases;updated_host;VARCHAR2;200;;;Y;
NTT_RISK_MODELLING;TableElementAliases;is_deleted;NUMBER;22;1;0;N;0 
NTT_RISK_MODELLING;TableElementAliases;deleted_by;VARCHAR2;200;;;Y;
NTT_RISK_MODELLING;TableElementAliases;deleted_date;DATE;7;;;Y;
NTT_RISK_MODELLING;TableElementAliases;deleted_host;VARCHAR2;200;;;Y;
NTT_RISK_MODELLING;TableMappings;pkid;NUMBER;22;19;0;N;"""NTT_RISK_MODELLING"".""ISEQ$$_109910"".nextval"
NTT_RISK_MODELLING;TableMappings;schema_name;VARCHAR2;4000;;;Y;
NTT_RISK_MODELLING;TableMappings;table_name;VARCHAR2;4000;;;N;
NTT_RISK_MODELLING;TableMappings;is_active;NUMBER;22;1;0;N;1
NTT_RISK_MODELLING;TableMappings;created_by;VARCHAR2;50;;;Y;
NTT_RISK_MODELLING;TableMappings;created_date;DATE;7;;;N;
NTT_RISK_MODELLING;TableMappings;created_host;VARCHAR2;50;;;N;
NTT_RISK_MODELLING;TableMappings;updated_by;VARCHAR2;50;;;Y;
NTT_RISK_MODELLING;TableMappings;updated_date;DATE;7;;;Y;
NTT_RISK_MODELLING;TableMappings;updated_host;VARCHAR2;50;;;Y;
NTT_RISK_MODELLING;TableMappings;is_deleted;NUMBER;22;1;0;N;0
NTT_RISK_MODELLING;TableMappings;deleted_by;VARCHAR2;50;;;Y;
NTT_RISK_MODELLING;TableMappings;deleted_date;DATE;7;;;Y;
NTT_RISK_MODELLING;TableMappings;deleted_host;VARCHAR2;50;;;Y;
NTT_RISK_MODELLING;TableMappings;pivot_row_fields;VARCHAR2;1000;;;Y;
NTT_RISK_MODELLING;TableMappings;pivot_column_field;VARCHAR2;255;;;Y;
NTT_RISK_MODELLING;TableMappings;pivot_value_field;VARCHAR2;255;;;Y;
NTT_RISK_MODELLING;TableMappings;pivot_agg_function;VARCHAR2;50;;;Y;
NTT_RISK_MODELLING;TableMappings;pivot_filter;VARCHAR2;2000;;;Y;
NTT_RISK_MODELLING;TableMappings;is_pivot_enabled;NUMBER;22;1;0;N;0
NTT_RISK_MODELLING;TableMappings;pivot_column_date_part;VARCHAR2;100;;;Y;
NTT_RISK_MODELLING;TableMappings;asignment_type;VARCHAR2;4000;;;Y;
NTT_RISK_MODELLING;TableMappings;tabel_alias;VARCHAR2;4000;;;Y;
NTT_RISK_MODELLING;TableMappings;default_filter_field;VARCHAR2;400;;;Y;
NTT_RISK_MODELLING;TableMappings;is_split_enabled;NUMBER;22;1;0;N;0 
NTT_RISK_MODELLING;TableMappings;is_pivot_grid_enabled;NUMBER;22;1;0;Y;
NTT_RISK_MODELLING;TableMappings;is_pivot_export_enabled;NUMBER;22;1;0;Y;
NTT_RISK_MODELLING;TableMappings;default_order_by;VARCHAR2;1020;;;Y;
NTT_RISK_MODELLING;TableSplitConfig;pkid;NUMBER;22;19;0;N;"""NTT_RISK_MODELLING"".""ISEQ$$_115066"".nextval"
NTT_RISK_MODELLING;TableSplitConfig;table_mapping_pkid;NUMBER;22;19;0;N;
NTT_RISK_MODELLING;TableSplitConfig;output_alias;VARCHAR2;255;;;N;
NTT_RISK_MODELLING;TableSplitConfig;split_filter;VARCHAR2;2000;;;Y;
NTT_RISK_MODELLING;TableSplitConfig;included_fields;VARCHAR2;4000;;;Y;
NTT_RISK_MODELLING;TableSplitConfig;seq;NUMBER;22;10;0;Y;0
NTT_RISK_MODELLING;TableSplitConfig;is_active;NUMBER;22;1;0;N;1 
NTT_RISK_MODELLING;TableSplitConfig;created_by;VARCHAR2;50;;;Y;
NTT_RISK_MODELLING;TableSplitConfig;created_date;DATE;7;;;N;SYSTIMESTAMP 
NTT_RISK_MODELLING;TableSplitConfig;created_host;VARCHAR2;50;;;N;
NTT_RISK_MODELLING;TableSplitConfig;updated_by;VARCHAR2;50;;;Y;
NTT_RISK_MODELLING;TableSplitConfig;updated_date;DATE;7;;;Y;
NTT_RISK_MODELLING;TableSplitConfig;updated_host;VARCHAR2;50;;;Y;
NTT_RISK_MODELLING;TableSplitConfig;is_deleted;NUMBER;22;1;0;N;0 
NTT_RISK_MODELLING;TableSplitConfig;deleted_by;VARCHAR2;50;;;Y;
NTT_RISK_MODELLING;TableSplitConfig;deleted_date;DATE;7;;;Y;
NTT_RISK_MODELLING;TableSplitConfig;deleted_host;VARCHAR2;50;;;Y;
NTT_RISK_MODELLING;TransformationList;pkid;NUMBER;22;19;0;N;"""NTT_RISK_MODELLING"".""ISEQ$$_109912"".nextval"
NTT_RISK_MODELLING;TransformationList;workflow_detail_draft_pkid;NUMBER;22;19;0;Y;
NTT_RISK_MODELLING;TransformationList;activity_code;VARCHAR2;50;;;Y;
NTT_RISK_MODELLING;TransformationList;type;VARCHAR2;10;;;Y;
NTT_RISK_MODELLING;TransformationList;derived_type;VARCHAR2;300;;;Y;
NTT_RISK_MODELLING;TransformationList;code;VARCHAR2;300;;;Y;
NTT_RISK_MODELLING;TransformationList;created_by;VARCHAR2;50;;;N;
NTT_RISK_MODELLING;TransformationList;created_date;DATE;7;;;N;
NTT_RISK_MODELLING;TransformationList;created_host;VARCHAR2;50;;;N;
NTT_RISK_MODELLING;TransformationList;updated_by;VARCHAR2;50;;;Y;
NTT_RISK_MODELLING;TransformationList;updated_date;DATE;7;;;Y;
NTT_RISK_MODELLING;TransformationList;updated_host;VARCHAR2;50;;;Y;
NTT_RISK_MODELLING;TransformationList;run_type;VARCHAR2;50;;;N;
NTT_RISK_MODELLING;TransformationList;is_deleted;NUMBER;22;1;0;N;0
NTT_RISK_MODELLING;TransformationList;deleted_by;VARCHAR2;50;;;Y;
NTT_RISK_MODELLING;TransformationList;deleted_date;TIMESTAMP(6);11;;6;Y;
NTT_RISK_MODELLING;TransformationList;deleted_host;VARCHAR2;50;;;Y;
NTT_RISK_MODELLING;TransformationVariables;pkid;NUMBER;22;19;0;N;"""NTT_RISK_MODELLING"".""ISEQ$$_109914"".nextval"
NTT_RISK_MODELLING;TransformationVariables;workflow_detail_draft_pkid;NUMBER;22;19;0;Y;
NTT_RISK_MODELLING;TransformationVariables;variable;VARCHAR2;300;;;Y;
NTT_RISK_MODELLING;TransformationVariables;type;VARCHAR2;10;;;Y;
NTT_RISK_MODELLING;TransformationVariables;code;VARCHAR2;300;;;Y;
NTT_RISK_MODELLING;TransformationVariables;created_by;VARCHAR2;50;;;N;
NTT_RISK_MODELLING;TransformationVariables;created_date;DATE;7;;;N;
NTT_RISK_MODELLING;TransformationVariables;created_host;VARCHAR2;50;;;N;
NTT_RISK_MODELLING;TransformationVariables;updated_by;VARCHAR2;50;;;Y;
NTT_RISK_MODELLING;TransformationVariables;updated_date;DATE;7;;;Y;
NTT_RISK_MODELLING;TransformationVariables;updated_host;VARCHAR2;50;;;Y;
NTT_RISK_MODELLING;TransformationVariables;activity_code;VARCHAR2;50;;;Y;
NTT_RISK_MODELLING;TransformationVariables;run_type;VARCHAR2;50;;;N;
NTT_RISK_MODELLING;TransformationVariables;is_deleted;NUMBER;22;1;0;N;0
NTT_RISK_MODELLING;TransformationVariables;deleted_by;VARCHAR2;50;;;Y;
NTT_RISK_MODELLING;TransformationVariables;deleted_date;TIMESTAMP(6);11;;6;Y;
NTT_RISK_MODELLING;TransformationVariables;deleted_host;VARCHAR2;50;;;Y;
NTT_RISK_MODELLING;TtcPdResultFileDetail;pkid;NUMBER;22;19;0;N;"""NTT_RISK_MODELLING"".""ISEQ$$_120617"".nextval"
NTT_RISK_MODELLING;TtcPdResultFileDetail;result_file_header_pkid;NUMBER;22;19;0;N;
NTT_RISK_MODELLING;TtcPdResultFileDetail;pd_role_name;VARCHAR2;300;;;Y;
NTT_RISK_MODELLING;TtcPdResultFileDetail;periode;VARCHAR2;20;;;Y;
NTT_RISK_MODELLING;TtcPdResultFileDetail;rating;VARCHAR2;50;;;Y;
NTT_RISK_MODELLING;TtcPdResultFileDetail;ttc_pd;NUMBER;22;;;Y;
NTT_RISK_MODELLING;TtcPdResultFileDetail;created_by;VARCHAR2;50;;;N;
NTT_RISK_MODELLING;TtcPdResultFileDetail;created_date;DATE;7;;;N;
NTT_RISK_MODELLING;TtcPdResultFileDetail;created_host;VARCHAR2;50;;;N;
NTT_RISK_MODELLING;TtcPdResultFileDetail;updated_by;VARCHAR2;50;;;Y;
NTT_RISK_MODELLING;TtcPdResultFileDetail;updated_date;DATE;7;;;Y;
NTT_RISK_MODELLING;TtcPdResultFileDetail;updated_host;VARCHAR2;50;;;Y;
NTT_RISK_MODELLING;TtcPdResultFileDetail;is_deleted;NUMBER;22;1;0;N;0
NTT_RISK_MODELLING;TtcPdResultFileDetail;deleted_by;VARCHAR2;50;;;Y;
NTT_RISK_MODELLING;TtcPdResultFileDetail;deleted_date;TIMESTAMP(6);11;;6;Y;
NTT_RISK_MODELLING;TtcPdResultFileDetail;deleted_host;VARCHAR2;50;;;Y;
NTT_RISK_MODELLING;TtcPdResultFileDetail;activity_code;VARCHAR2;50;;;Y;
NTT_RISK_MODELLING;TtcPdResultFileDetail;bucket_id;NUMBER;22;19;0;Y;
NTT_RISK_MODELLING;UnivariateFilterDetail;pkid;NUMBER;22;19;0;N;NTT_RISK_MODELLING.UnivariateFilterDetail_SEQ.NEXTVAL
NTT_RISK_MODELLING;UnivariateFilterDetail;activity_code;VARCHAR2;100;;;N;
NTT_RISK_MODELLING;UnivariateFilterDetail;adjrsq;NUMBER;22;;;Y;0
NTT_RISK_MODELLING;UnivariateFilterDetail;rsq;NUMBER;22;;;Y;0
NTT_RISK_MODELLING;UnivariateFilterDetail;aic;NUMBER;22;;;Y;0
NTT_RISK_MODELLING;UnivariateFilterDetail;bic;NUMBER;22;;;Y;0
NTT_RISK_MODELLING;UnivariateFilterDetail;sse;NUMBER;22;;;Y;0
NTT_RISK_MODELLING;UnivariateFilterDetail;variablename;VARCHAR2;100;;;Y;
NTT_RISK_MODELLING;UnivariateFilterDetail;coeff_estm;NUMBER;22;;;Y;0
NTT_RISK_MODELLING;UnivariateFilterDetail;stderr;NUMBER;22;;;Y;0
NTT_RISK_MODELLING;UnivariateFilterDetail;tvalue;NUMBER;22;;;Y;0
NTT_RISK_MODELLING;UnivariateFilterDetail;probt;NUMBER;22;;;Y;0
NTT_RISK_MODELLING;UnivariateFilterDetail;exp_trend;VARCHAR2;20;;;Y;
NTT_RISK_MODELLING;UnivariateFilterDetail;variable_pass;NUMBER;22;5;0;Y;
NTT_RISK_MODELLING;UnivariateFilterDetail;variable_selection;NUMBER;22;5;0;Y;
NTT_RISK_MODELLING;UnivariateFilterDetail;lookupinitial;VARCHAR2;100;;;Y;
NTT_RISK_MODELLING;UnivariateFilterDetail;statistic_nc;NUMBER;22;;;Y;0
NTT_RISK_MODELLING;UnivariateFilterDetail;pvalue_nc;NUMBER;22;;;Y;0
NTT_RISK_MODELLING;UnivariateFilterDetail;statistic_c;NUMBER;22;;;Y;0
NTT_RISK_MODELLING;UnivariateFilterDetail;pvalue_c;NUMBER;22;;;Y;0
NTT_RISK_MODELLING;UnivariateFilterDetail;statistic_ct;NUMBER;22;;;Y;0
NTT_RISK_MODELLING;UnivariateFilterDetail;pvalue_ct;NUMBER;22;;;Y;0
NTT_RISK_MODELLING;UnivariateFilterDetail;created_by;VARCHAR2;36;;;N;
NTT_RISK_MODELLING;UnivariateFilterDetail;created_date;DATE;7;;;N;
NTT_RISK_MODELLING;UnivariateFilterDetail;created_host;VARCHAR2;36;;;N;
NTT_RISK_MODELLING;UnivariateFilterDetail;updated_by;VARCHAR2;36;;;Y;
NTT_RISK_MODELLING;UnivariateFilterDetail;updated_date;DATE;7;;;Y;
NTT_RISK_MODELLING;UnivariateFilterDetail;updated_host;VARCHAR2;30;;;Y;
NTT_RISK_MODELLING;UnivariateFilterDetail;apply_logit_flag;NUMBER;22;10;0;Y;
NTT_RISK_MODELLING;UnivariateFilterDetail;is_deleted;NUMBER;22;1;0;N;"0
"
NTT_RISK_MODELLING;UnivariateFilterDetail;deleted_by;VARCHAR2;50;;;Y;
NTT_RISK_MODELLING;UnivariateFilterDetail;deleted_date;TIMESTAMP(6);11;;6;Y;
NTT_RISK_MODELLING;UnivariateFilterDetail;deleted_host;VARCHAR2;50;;;Y;
NTT_RISK_MODELLING;UnivariateFilterDetail;IsChecked;NUMBER;22;1;0;N;"0
"
NTT_RISK_MODELLING;VWMODELMANAGER;PKID;VARCHAR2;141;;;Y;
NTT_RISK_MODELLING;VWMODELMANAGER;model_name;VARCHAR2;100;;;N;
NTT_RISK_MODELLING;VWMODELMANAGER;FL_FLOW_NAME;VARCHAR2;4000;;;Y;
NTT_RISK_MODELLING;VWMODELMANAGER;workflow_step_draft_pkid;NUMBER;22;19;0;N;
NTT_RISK_MODELLING;VWMODELMANAGER;model_seq;NUMBER;22;19;0;Y;
NTT_RISK_MODELLING;VWMODELMANAGER;model_formula;VARCHAR2;255;;;N;
NTT_RISK_MODELLING;VWMODELMANAGER;adj_r_squared;NUMBER;22;;;Y;
NTT_RISK_MODELLING;VWMODELMANAGER;p_value;NUMBER;22;;;Y;
NTT_RISK_MODELLING;VWMODELMANAGER;status;VARCHAR2;255;;;N;
NTT_RISK_MODELLING;VWMODELMANAGER;BEST_MODEL;VARCHAR2;3;;;Y;
NTT_RISK_MODELLING;VWMODELMANAGER;IS_SELECTED;VARCHAR2;3;;;Y;
NTT_RISK_MODELLING;VWMODELMANAGER;reason;VARCHAR2;255;;;Y;
NTT_RISK_MODELLING;VWMODELMANAGER;OLS_STATUS;VARCHAR2;10;;;Y;
NTT_RISK_MODELLING;VWMODELMANAGER;APPROVAL_STATUS;VARCHAR2;20;;;Y;
NTT_RISK_MODELLING;VWMODELMANAGER;UPDATE_DATE;DATE;7;;;Y;
NTT_RISK_MODELLING;VW_MODEL_COEFFICIENT;model_name;VARCHAR2;100;;;N;
NTT_RISK_MODELLING;VW_MODEL_COEFFICIENT;activity_code;VARCHAR2;100;;;N;
NTT_RISK_MODELLING;VW_MODEL_COEFFICIENT;coeff_name;VARCHAR2;255;;;Y;
NTT_RISK_MODELLING;VW_MODEL_COEFFICIENT;estimate_val;NUMBER;22;;;Y;
NTT_RISK_MODELLING;VW_MODEL_COEFFICIENT;std_error;NUMBER;22;;;Y;
NTT_RISK_MODELLING;VW_MODEL_COEFFICIENT;t_value;NUMBER;22;;;Y;
NTT_RISK_MODELLING;VW_MODEL_RESULT;model_name;VARCHAR2;100;;;N;
NTT_RISK_MODELLING;VW_MODEL_RESULT;activity_code;VARCHAR2;100;;;Y;
NTT_RISK_MODELLING;VW_MODEL_RESULT;model_seq;NUMBER;22;19;0;Y;
NTT_RISK_MODELLING;VW_MODEL_RESULT;avg_pdrate_mape;NUMBER;22;;;Y;
NTT_RISK_MODELLING;VW_MODEL_RESULT;pdrate_mape;NUMBER;22;;;Y;
NTT_RISK_MODELLING;VW_MODEL_RESULT;adj_r_squared;NUMBER;22;;;Y;
NTT_RISK_MODELLING;VariableClusterDetail;pkid;NUMBER;22;19;0;N;"""NTT_RISK_MODELLING"".""ISEQ$$_109918"".nextval"
NTT_RISK_MODELLING;VariableClusterDetail;activity_code;VARCHAR2;100;;;N;
NTT_RISK_MODELLING;VariableClusterDetail;clus_no;VARCHAR2;255;;;Y;
NTT_RISK_MODELLING;VariableClusterDetail;var_name;VARCHAR2;255;;;Y;
NTT_RISK_MODELLING;VariableClusterDetail;prin_comp1;VARCHAR2;255;;;Y;
NTT_RISK_MODELLING;VariableClusterDetail;prin_comp2;VARCHAR2;255;;;Y;
NTT_RISK_MODELLING;VariableClusterDetail;rsqrd_own;VARCHAR2;255;;;Y;
NTT_RISK_MODELLING;VariableClusterDetail;rsqrd_next;VARCHAR2;255;;;Y;
NTT_RISK_MODELLING;VariableClusterDetail;rsqrd_ratio;VARCHAR2;255;;;Y;
NTT_RISK_MODELLING;VariableClusterDetail;var_indx;VARCHAR2;255;;;Y;
NTT_RISK_MODELLING;VariableClusterDetail;created_by;VARCHAR2;36;;;N;
NTT_RISK_MODELLING;VariableClusterDetail;created_date;DATE;7;;;N;
NTT_RISK_MODELLING;VariableClusterDetail;created_host;VARCHAR2;36;;;N;
NTT_RISK_MODELLING;VariableClusterDetail;updated_by;VARCHAR2;36;;;Y;
NTT_RISK_MODELLING;VariableClusterDetail;updated_date;DATE;7;;;Y;
NTT_RISK_MODELLING;VariableClusterDetail;updated_host;VARCHAR2;30;;;Y;
NTT_RISK_MODELLING;VariableClusterDetail;is_deleted;NUMBER;22;1;0;N;0
NTT_RISK_MODELLING;VariableClusterDetail;deleted_by;VARCHAR2;50;;;Y;
NTT_RISK_MODELLING;VariableClusterDetail;deleted_date;TIMESTAMP(6);11;;6;Y;
NTT_RISK_MODELLING;VariableClusterDetail;deleted_host;VARCHAR2;50;;;Y;
NTT_RISK_MODELLING;VariableClusterSummary;pkid;NUMBER;22;19;0;N;
NTT_RISK_MODELLING;VariableClusterSummary;activity_code;VARCHAR2;100;;;N;
NTT_RISK_MODELLING;VariableClusterSummary;clus_no;NUMBER;22;;;Y;
NTT_RISK_MODELLING;VariableClusterSummary;n_vars;NUMBER;22;;;Y;
NTT_RISK_MODELLING;VariableClusterSummary;eigvl1;NUMBER;22;;;Y;
NTT_RISK_MODELLING;VariableClusterSummary;eigvl2;NUMBER;22;;;Y;
NTT_RISK_MODELLING;VariableClusterSummary;created_by;VARCHAR2;36;;;N;
NTT_RISK_MODELLING;VariableClusterSummary;created_date;DATE;7;;;N;
NTT_RISK_MODELLING;VariableClusterSummary;created_host;VARCHAR2;36;;;N;
NTT_RISK_MODELLING;VariableClusterSummary;updated_by;VARCHAR2;36;;;Y;
NTT_RISK_MODELLING;VariableClusterSummary;updated_date;DATE;7;;;Y;
NTT_RISK_MODELLING;VariableClusterSummary;updated_host;VARCHAR2;30;;;Y;
NTT_RISK_MODELLING;VariableClusterSummary;is_deleted;NUMBER;22;1;0;N;0
NTT_RISK_MODELLING;VariableClusterSummary;deleted_by;VARCHAR2;50;;;Y;
NTT_RISK_MODELLING;VariableClusterSummary;deleted_date;TIMESTAMP(6);11;;6;Y;
NTT_RISK_MODELLING;VariableClusterSummary;deleted_host;VARCHAR2;50;;;Y;
NTT_RISK_MODELLING;VwMevConfiguration;pkid;NUMBER;22;19;0;N;
NTT_RISK_MODELLING;VwMevConfiguration;mev_code;VARCHAR2;50;;;Y;
NTT_RISK_MODELLING;VwMevConfiguration;mev_name;VARCHAR2;100;;;Y;
NTT_RISK_MODELLING;VwMevConfiguration;mev_description;VARCHAR2;4000;;;Y;
NTT_RISK_MODELLING;VwMevConfiguration;keywords;VARCHAR2;4000;;;Y;
NTT_RISK_MODELLING;VwMevConfiguration;transform_list;VARCHAR2;4000;;;Y;
NTT_RISK_MODELLING;VwMevConfiguration;is_active;NUMBER;22;1;0;N;
NTT_RISK_MODELLING;VwMevConfiguration;created_date;DATE;7;;;N;
NTT_RISK_MODELLING;VwMevConfiguration;created_by;VARCHAR2;50;;;N;
NTT_RISK_MODELLING;VwMevConfiguration;updated_date;DATE;7;;;Y;
NTT_RISK_MODELLING;VwMevConfiguration;updated_by;VARCHAR2;50;;;Y;
NTT_RISK_MODELLING;VwMevConfiguration;code_app;VARCHAR2;25;;;Y;
NTT_RISK_MODELLING;VwModelManager;pkid;VARCHAR2;141;;;Y;
NTT_RISK_MODELLING;VwModelManager;model_name;VARCHAR2;100;;;N;
NTT_RISK_MODELLING;VwModelManager;fl_flow_name;VARCHAR2;4000;;;Y;
NTT_RISK_MODELLING;VwModelManager;workflow_step_draft_pkid;NUMBER;22;19;0;Y;
NTT_RISK_MODELLING;VwModelManager;model_seq;NUMBER;22;19;0;Y;
NTT_RISK_MODELLING;VwModelManager;model_formula;VARCHAR2;255;;;N;
NTT_RISK_MODELLING;VwModelManager;adj_r_squared;NUMBER;22;;;Y;
NTT_RISK_MODELLING;VwModelManager;p_value;NUMBER;22;;;Y;
NTT_RISK_MODELLING;VwModelManager;status;VARCHAR2;255;;;N;
NTT_RISK_MODELLING;VwModelManager;best_model;VARCHAR2;3;;;Y;
NTT_RISK_MODELLING;VwModelManager;is_selected;VARCHAR2;3;;;Y;
NTT_RISK_MODELLING;VwModelManager;reason;VARCHAR2;255;;;Y;
NTT_RISK_MODELLING;VwModelManager;ols_status;VARCHAR2;10;;;Y;
NTT_RISK_MODELLING;VwModelManager;approval_status;VARCHAR2;20;;;Y;
NTT_RISK_MODELLING;VwModelManager;update_date;DATE;7;;;Y;
NTT_RISK_MODELLING;VwModelManagerList;pkid;VARCHAR2;141;;;Y;
NTT_RISK_MODELLING;VwModelManagerList;model_name;VARCHAR2;100;;;N;
NTT_RISK_MODELLING;VwModelManagerList;fl_flow_name;VARCHAR2;4000;;;Y;
NTT_RISK_MODELLING;VwModelManagerList;workflow_step_draft_pkid;NUMBER;22;19;0;N;
NTT_RISK_MODELLING;VwModelManagerList;model_seq;NUMBER;22;19;0;Y;
NTT_RISK_MODELLING;VwModelManagerList;adj_r_squared;NUMBER;22;;;Y;
NTT_RISK_MODELLING;VwModelManagerList;p_value;NUMBER;22;;;Y;
NTT_RISK_MODELLING;VwModelManagerList;status;VARCHAR2;255;;;N;
NTT_RISK_MODELLING;VwModelManagerList;best_model;VARCHAR2;3;;;Y;
NTT_RISK_MODELLING;VwModelManagerList;is_selected;VARCHAR2;3;;;Y;
NTT_RISK_MODELLING;VwModelManagerList;ols_status;VARCHAR2;10;;;Y;
NTT_RISK_MODELLING;VwModelManagerList;approval_status;VARCHAR2;20;;;Y;
NTT_RISK_MODELLING;VwModelManagerList;update_date;DATE;7;;;Y;
NTT_RISK_MODELLING;WorkflowDataOutput;pkid;NUMBER;22;19;0;N;"""NTT_RISK_MODELLING"".""ISEQ$$_109922"".nextval"
NTT_RISK_MODELLING;WorkflowDataOutput;result_file_header_pkid;NUMBER;22;19;0;N;
NTT_RISK_MODELLING;WorkflowDataOutput;workflow_run_detail_pkid;NUMBER;22;19;0;N;
NTT_RISK_MODELLING;WorkflowDataOutput;type;VARCHAR2;250;;;N;
NTT_RISK_MODELLING;WorkflowDataOutput;status;VARCHAR2;30;;;N;
NTT_RISK_MODELLING;WorkflowDataOutput;created_by;VARCHAR2;50;;;N;
NTT_RISK_MODELLING;WorkflowDataOutput;created_date;DATE;7;;;N;
NTT_RISK_MODELLING;WorkflowDataOutput;created_host;VARCHAR2;50;;;N;
NTT_RISK_MODELLING;WorkflowDataOutput;updated_by;VARCHAR2;50;;;Y;
NTT_RISK_MODELLING;WorkflowDataOutput;updated_date;DATE;7;;;Y;
NTT_RISK_MODELLING;WorkflowDataOutput;updated_host;VARCHAR2;50;;;Y;
NTT_RISK_MODELLING;WorkflowDataOutput;workflow_step_pkid;NUMBER;22;19;0;Y;
NTT_RISK_MODELLING;WorkflowDataOutput;version;VARCHAR2;50;;;Y;
NTT_RISK_MODELLING;WorkflowDataOutput;uuid;VARCHAR2;255;;;Y;
NTT_RISK_MODELLING;WorkflowDataOutput;is_deleted;NUMBER;22;1;0;N;0
NTT_RISK_MODELLING;WorkflowDataOutput;deleted_by;VARCHAR2;50;;;Y;
NTT_RISK_MODELLING;WorkflowDataOutput;deleted_date;TIMESTAMP(6);11;;6;Y;
NTT_RISK_MODELLING;WorkflowDataOutput;deleted_host;VARCHAR2;50;;;Y;
NTT_RISK_MODELLING;WorkflowPdSegment;pkid;NUMBER;22;19;0;N;"""NTT_RISK_MODELLING"".""ISEQ$$_114626"".nextval"
NTT_RISK_MODELLING;WorkflowPdSegment;pd_name;VARCHAR2;45;;;Y;
NTT_RISK_MODELLING;WorkflowPdSegment;model_name;VARCHAR2;100;;;Y;
NTT_RISK_MODELLING;WorkflowPdSegment;workflow_header_draft_pkid;NUMBER;22;19;0;Y;
NTT_RISK_MODELLING;WorkflowPdSegment;code_app;VARCHAR2;25;;;N;
NTT_RISK_MODELLING;WorkflowPdSegment;is_active;NUMBER;22;1;0;N;1 
NTT_RISK_MODELLING;WorkflowPdSegment;created_by;VARCHAR2;50;;;N;
NTT_RISK_MODELLING;WorkflowPdSegment;created_date;DATE;7;;;N;
NTT_RISK_MODELLING;WorkflowPdSegment;created_host;VARCHAR2;50;;;N;
NTT_RISK_MODELLING;WorkflowPdSegment;updated_by;VARCHAR2;50;;;Y;
NTT_RISK_MODELLING;WorkflowPdSegment;updated_date;DATE;7;;;Y;
NTT_RISK_MODELLING;WorkflowPdSegment;updated_host;VARCHAR2;50;;;Y;
NTT_RISK_MODELLING;WorkflowPdSegment;is_deleted;NUMBER;22;1;0;N;0 
NTT_RISK_MODELLING;WorkflowPdSegment;deleted_by;VARCHAR2;50;;;Y;
NTT_RISK_MODELLING;WorkflowPdSegment;deleted_date;TIMESTAMP(6);11;;6;Y;
NTT_RISK_MODELLING;WorkflowPdSegment;deleted_host;VARCHAR2;50;;;Y;
NTT_RISK_MODELLING;WorkflowPdSegment;workflow_step_draft_pkid;NUMBER;22;19;0;Y;
NTT_RISK_MODELLING;WorkflowPdSegment;model_seq;NUMBER;22;19;0;Y;
NTT_RISK_MODELLING;WorkflowResourceTables;pkid;NUMBER;22;19;0;N;"""NTT_RISK_MODELLING"".""ISEQ$$_109924"".nextval"
NTT_RISK_MODELLING;WorkflowResourceTables;workflow_detail_draft_pkid;NUMBER;22;19;0;Y;
NTT_RISK_MODELLING;WorkflowResourceTables;workflow_resource_variables_pkid;NUMBER;22;19;0;Y;
NTT_RISK_MODELLING;WorkflowResourceTables;table_name;VARCHAR2;100;;;Y;
NTT_RISK_MODELLING;WorkflowResourceTables;field_name;VARCHAR2;100;;;Y;
NTT_RISK_MODELLING;WorkflowResourceTables;created_by;VARCHAR2;50;;;N;
NTT_RISK_MODELLING;WorkflowResourceTables;created_date;DATE;7;;;N;
NTT_RISK_MODELLING;WorkflowResourceTables;created_host;VARCHAR2;50;;;N;
NTT_RISK_MODELLING;WorkflowResourceTables;updated_by;VARCHAR2;50;;;Y;
NTT_RISK_MODELLING;WorkflowResourceTables;updated_date;DATE;7;;;Y;
NTT_RISK_MODELLING;WorkflowResourceTables;updated_host;VARCHAR2;50;;;Y;
NTT_RISK_MODELLING;WorkflowResourceTables;value;VARCHAR2;500;;;Y;
NTT_RISK_MODELLING;WorkflowResourceTables;run_type;VARCHAR2;50;;;N;
NTT_RISK_MODELLING;WorkflowResourceTables;workflow_step_draft_pkid;NUMBER;22;19;0;N;
NTT_RISK_MODELLING;WorkflowResourceTables;is_deleted;NUMBER;22;1;0;N;0
NTT_RISK_MODELLING;WorkflowResourceTables;deleted_by;VARCHAR2;50;;;Y;
NTT_RISK_MODELLING;WorkflowResourceTables;deleted_date;TIMESTAMP(6);11;;6;Y;
NTT_RISK_MODELLING;WorkflowResourceTables;deleted_host;VARCHAR2;50;;;Y;
NTT_RISK_MODELLING;WorkflowResourceVariables;pkid;NUMBER;22;19;0;N;"""NTT_RISK_MODELLING"".""ISEQ$$_109926"".nextval"
NTT_RISK_MODELLING;WorkflowResourceVariables;workflow_step_draft_pkid;NUMBER;22;19;0;N;
NTT_RISK_MODELLING;WorkflowResourceVariables;workflow_detail_pkid;NUMBER;22;19;0;Y;
NTT_RISK_MODELLING;WorkflowResourceVariables;workflow_detail_draft_pkid;NUMBER;22;19;0;Y;
NTT_RISK_MODELLING;WorkflowResourceVariables;type_element;VARCHAR2;100;;;Y;
NTT_RISK_MODELLING;WorkflowResourceVariables;variable;VARCHAR2;50;;;Y;
NTT_RISK_MODELLING;WorkflowResourceVariables;type_data;VARCHAR2;50;;;Y;
NTT_RISK_MODELLING;WorkflowResourceVariables;created_by;VARCHAR2;50;;;N;
NTT_RISK_MODELLING;WorkflowResourceVariables;created_date;DATE;7;;;N;
NTT_RISK_MODELLING;WorkflowResourceVariables;created_host;VARCHAR2;50;;;N;
NTT_RISK_MODELLING;WorkflowResourceVariables;updated_by;VARCHAR2;50;;;Y;
NTT_RISK_MODELLING;WorkflowResourceVariables;updated_date;DATE;7;;;Y;
NTT_RISK_MODELLING;WorkflowResourceVariables;updated_host;VARCHAR2;50;;;Y;
NTT_RISK_MODELLING;WorkflowResourceVariables;activity_code;VARCHAR2;50;;;Y;
NTT_RISK_MODELLING;WorkflowResourceVariables;run_type;VARCHAR2;50;;;N;
NTT_RISK_MODELLING;WorkflowResourceVariables;is_deleted;NUMBER;22;1;0;N;0
NTT_RISK_MODELLING;WorkflowResourceVariables;deleted_by;VARCHAR2;50;;;Y;
NTT_RISK_MODELLING;WorkflowResourceVariables;deleted_date;TIMESTAMP(6);11;;6;Y;
NTT_RISK_MODELLING;WorkflowResourceVariables;deleted_host;VARCHAR2;50;;;Y;
NTT_RISK_MODELLING;WorkflowResourceVariables;value;VARCHAR2;4000;;;Y;
NTT_RISK_MODELLING;WorkflowTableOutput;pkid;NUMBER;22;19;0;N;"""NTT_RISK_MODELLING"".""ISEQ$$_109928"".nextval"
NTT_RISK_MODELLING;WorkflowTableOutput;workflow_step_draft_pkid;NUMBER;22;19;0;N;
NTT_RISK_MODELLING;WorkflowTableOutput;workflow_detail_pkid;NUMBER;22;19;0;Y;
NTT_RISK_MODELLING;WorkflowTableOutput;workflow_detail_draft_pkid;NUMBER;22;19;0;Y;
NTT_RISK_MODELLING;WorkflowTableOutput;type_element;VARCHAR2;100;;;Y;
NTT_RISK_MODELLING;WorkflowTableOutput;table_name;VARCHAR2;100;;;Y;
NTT_RISK_MODELLING;WorkflowTableOutput;activity_code;VARCHAR2;50;;;Y;
NTT_RISK_MODELLING;WorkflowTableOutput;run_type;VARCHAR2;50;;;N;
NTT_RISK_MODELLING;WorkflowTableOutput;created_by;VARCHAR2;50;;;N;
NTT_RISK_MODELLING;WorkflowTableOutput;created_date;DATE;7;;;N;
NTT_RISK_MODELLING;WorkflowTableOutput;created_host;VARCHAR2;50;;;N;
NTT_RISK_MODELLING;WorkflowTableOutput;updated_by;VARCHAR2;50;;;Y;
NTT_RISK_MODELLING;WorkflowTableOutput;updated_date;DATE;7;;;Y;
NTT_RISK_MODELLING;WorkflowTableOutput;updated_host;VARCHAR2;50;;;Y;
NTT_RISK_MODELLING;WorkflowTableOutput;is_deleted;NUMBER;22;1;0;N;0
NTT_RISK_MODELLING;WorkflowTableOutput;deleted_by;VARCHAR2;50;;;Y;
NTT_RISK_MODELLING;WorkflowTableOutput;deleted_date;TIMESTAMP(6);11;;6;Y;
NTT_RISK_MODELLING;WorkflowTableOutput;deleted_host;VARCHAR2;50;;;Y;
